ISO-10303-21;
HEADER;
/* Generated by software containing ST-Developer
 * from STEP Tools, Inc. (www.steptools.com) 
 */

FILE_DESCRIPTION(
/* description */ (''),
/* implementation_level */ '2;1');

FILE_NAME(
/* name */ 'Stand.step',
/* time_stamp */ '2026-07-31T16:57:49+02:00',
/* author */ (''),
/* organization */ (''),
/* preprocessor_version */ 'ST-DEVELOPER v20.1',
/* originating_system */ 'Autodesk Translation Framework v15.8.0.0',
/* authorisation */ '');

FILE_SCHEMA (('AUTOMOTIVE_DESIGN { 1 0 10303 214 3 1 1 }'));
ENDSEC;

DATA;
#10=MECHANICAL_DESIGN_GEOMETRIC_PRESENTATION_REPRESENTATION('',(#13,#14,
#15),#3307);
#11=SHAPE_REPRESENTATION_RELATIONSHIP('SRR','None',#3314,#12);
#12=ADVANCED_BREP_SHAPE_REPRESENTATION('',(#16,#17,#18),#3306);
#13=STYLED_ITEM('',(#3324),#16);
#14=STYLED_ITEM('',(#3324),#17);
#15=STYLED_ITEM('',(#3324),#18);
#16=MANIFOLD_SOLID_BREP('Body1',#1812);
#17=MANIFOLD_SOLID_BREP('Body5',#1813);
#18=MANIFOLD_SOLID_BREP('Body6',#1814);
#19=FACE_BOUND('',#572,.T.);
#20=FACE_BOUND('',#582,.T.);
#21=FACE_BOUND('',#637,.T.);
#22=FACE_BOUND('',#638,.T.);
#23=FACE_BOUND('',#639,.T.);
#24=FACE_BOUND('',#642,.T.);
#25=FACE_BOUND('',#645,.T.);
#26=FACE_BOUND('',#648,.T.);
#27=FACE_BOUND('',#649,.T.);
#28=FACE_BOUND('',#650,.T.);
#29=FACE_BOUND('',#653,.T.);
#30=FACE_BOUND('',#655,.T.);
#31=PLANE('',#1838);
#32=PLANE('',#1844);
#33=PLANE('',#1847);
#34=PLANE('',#1856);
#35=PLANE('',#1857);
#36=PLANE('',#1872);
#37=PLANE('',#1873);
#38=PLANE('',#1874);
#39=PLANE('',#1875);
#40=PLANE('',#1881);
#41=PLANE('',#1882);
#42=PLANE('',#1883);
#43=PLANE('',#1886);
#44=PLANE('',#1888);
#45=PLANE('',#1890);
#46=PLANE('',#1897);
#47=PLANE('',#1898);
#48=PLANE('',#1899);
#49=PLANE('',#1900);
#50=PLANE('',#1901);
#51=PLANE('',#1902);
#52=PLANE('',#1904);
#53=PLANE('',#1906);
#54=PLANE('',#1908);
#55=PLANE('',#1910);
#56=PLANE('',#1911);
#57=PLANE('',#1913);
#58=PLANE('',#1914);
#59=PLANE('',#1916);
#60=PLANE('',#1917);
#61=PLANE('',#1919);
#62=PLANE('',#1921);
#63=PLANE('',#1923);
#64=PLANE('',#1925);
#65=PLANE('',#1926);
#66=PLANE('',#1927);
#67=PLANE('',#1929);
#68=PLANE('',#1931);
#69=PLANE('',#1940);
#70=PLANE('',#1950);
#71=PLANE('',#1954);
#72=PLANE('',#1958);
#73=PLANE('',#1965);
#74=PLANE('',#1972);
#75=PLANE('',#1976);
#76=PLANE('',#1979);
#77=PLANE('',#1983);
#78=PLANE('',#1987);
#79=PLANE('',#1990);
#80=PLANE('',#1992);
#81=PLANE('',#2006);
#82=PLANE('',#2007);
#83=PLANE('',#2010);
#84=PLANE('',#2014);
#85=PLANE('',#2017);
#86=PLANE('',#2018);
#87=PLANE('',#2019);
#88=ELLIPSE('',#1835,14.1215257032915,9.);
#89=ELLIPSE('',#1840,10.1122202665809,10.);
#90=ELLIPSE('',#1841,139.893047652864,10.);
#91=ELLIPSE('',#1846,14.1215257032915,9.);
#92=ELLIPSE('',#1849,14.1215257032915,9.);
#93=ELLIPSE('',#1852,1.80471568947831,1.);
#94=ELLIPSE('',#1853,10.1122202665809,9.99999999999999);
#95=ELLIPSE('',#1855,139.893047652864,10.);
#96=ELLIPSE('',#1858,5.01909918771674,5.);
#97=ELLIPSE('',#1859,5.01909918771674,5.);
#98=ELLIPSE('',#1860,5.01909918771674,5.);
#99=ELLIPSE('',#1861,5.01909918771674,5.);
#100=ELLIPSE('',#1862,14.1215257032915,9.);
#101=ELLIPSE('',#1863,1.50572975631502,1.5);
#102=ELLIPSE('',#1866,1.80471568947832,1.);
#103=ELLIPSE('',#1869,12.2077458876151,10.);
#104=ELLIPSE('',#1871,12.2077458876153,10.);
#105=ELLIPSE('',#1993,1.50572975631502,1.5);
#106=LINE('',#2656,#258);
#107=LINE('',#2659,#259);
#108=LINE('',#2664,#260);
#109=LINE('',#2665,#261);
#110=LINE('',#2668,#262);
#111=LINE('',#2669,#263);
#112=LINE('',#2677,#264);
#113=LINE('',#2714,#265);
#114=LINE('',#2717,#266);
#115=LINE('',#2718,#267);
#116=LINE('',#2722,#268);
#117=LINE('',#2725,#269);
#118=LINE('',#2726,#270);
#119=LINE('',#2732,#271);
#120=LINE('',#2735,#272);
#121=LINE('',#2808,#273);
#122=LINE('',#2810,#274);
#123=LINE('',#2812,#275);
#124=LINE('',#2815,#276);
#125=LINE('',#2817,#277);
#126=LINE('',#2821,#278);
#127=LINE('',#2825,#279);
#128=LINE('',#2829,#280);
#129=LINE('',#2833,#281);
#130=LINE('',#2835,#282);
#131=LINE('',#2904,#283);
#132=LINE('',#2907,#284);
#133=LINE('',#2910,#285);
#134=LINE('',#2913,#286);
#135=LINE('',#2916,#287);
#136=LINE('',#2918,#288);
#137=LINE('',#2920,#289);
#138=LINE('',#2922,#290);
#139=LINE('',#2925,#291);
#140=LINE('',#2929,#292);
#141=LINE('',#2933,#293);
#142=LINE('',#2937,#294);
#143=LINE('',#2940,#295);
#144=LINE('',#2944,#296);
#145=LINE('',#2946,#297);
#146=LINE('',#2947,#298);
#147=LINE('',#2949,#299);
#148=LINE('',#2952,#300);
#149=LINE('',#2954,#301);
#150=LINE('',#2956,#302);
#151=LINE('',#2958,#303);
#152=LINE('',#2963,#304);
#153=LINE('',#2968,#305);
#154=LINE('',#2970,#306);
#155=LINE('',#2974,#307);
#156=LINE('',#2978,#308);
#157=LINE('',#2981,#309);
#158=LINE('',#2983,#310);
#159=LINE('',#2987,#311);
#160=LINE('',#2988,#312);
#161=LINE('',#2989,#313);
#162=LINE('',#2992,#314);
#163=LINE('',#2994,#315);
#164=LINE('',#2996,#316);
#165=LINE('',#2998,#317);
#166=LINE('',#2999,#318);
#167=LINE('',#3002,#319);
#168=LINE('',#3004,#320);
#169=LINE('',#3006,#321);
#170=LINE('',#3008,#322);
#171=LINE('',#3009,#323);
#172=LINE('',#3011,#324);
#173=LINE('',#3015,#325);
#174=LINE('',#3017,#326);
#175=LINE('',#3021,#327);
#176=LINE('',#3024,#328);
#177=LINE('',#3029,#329);
#178=LINE('',#3033,#330);
#179=LINE('',#3035,#331);
#180=LINE('',#3037,#332);
#181=LINE('',#3039,#333);
#182=LINE('',#3040,#334);
#183=LINE('',#3044,#335);
#184=LINE('',#3047,#336);
#185=LINE('',#3051,#337);
#186=LINE('',#3053,#338);
#187=LINE('',#3054,#339);
#188=LINE('',#3055,#340);
#189=LINE('',#3058,#341);
#190=LINE('',#3061,#342);
#191=LINE('',#3064,#343);
#192=LINE('',#3068,#344);
#193=LINE('',#3071,#345);
#194=LINE('',#3074,#346);
#195=LINE('',#3076,#347);
#196=LINE('',#3078,#348);
#197=LINE('',#3079,#349);
#198=LINE('',#3083,#350);
#199=LINE('',#3085,#351);
#200=LINE('',#3086,#352);
#201=LINE('',#3087,#353);
#202=LINE('',#3099,#354);
#203=LINE('',#3103,#355);
#204=LINE('',#3108,#356);
#205=LINE('',#3112,#357);
#206=LINE('',#3117,#358);
#207=LINE('',#3119,#359);
#208=LINE('',#3121,#360);
#209=LINE('',#3122,#361);
#210=LINE('',#3127,#362);
#211=LINE('',#3133,#363);
#212=LINE('',#3140,#364);
#213=LINE('',#3143,#365);
#214=LINE('',#3147,#366);
#215=LINE('',#3148,#367);
#216=LINE('',#3149,#368);
#217=LINE('',#3154,#369);
#218=LINE('',#3159,#370);
#219=LINE('',#3160,#371);
#220=LINE('',#3161,#372);
#221=LINE('',#3168,#373);
#222=LINE('',#3169,#374);
#223=LINE('',#3170,#375);
#224=LINE('',#3179,#376);
#225=LINE('',#3183,#377);
#226=LINE('',#3184,#378);
#227=LINE('',#3185,#379);
#228=LINE('',#3194,#380);
#229=LINE('',#3198,#381);
#230=LINE('',#3199,#382);
#231=LINE('',#3200,#383);
#232=LINE('',#3208,#384);
#233=LINE('',#3215,#385);
#234=LINE('',#3222,#386);
#235=LINE('',#3227,#387);
#236=LINE('',#3231,#388);
#237=LINE('',#3233,#389);
#238=LINE('',#3235,#390);
#239=LINE('',#3236,#391);
#240=LINE('',#3242,#392);
#241=LINE('',#3244,#393);
#242=LINE('',#3246,#394);
#243=LINE('',#3247,#395);
#244=LINE('',#3255,#396);
#245=LINE('',#3258,#397);
#246=LINE('',#3267,#398);
#247=LINE('',#3270,#399);
#248=LINE('',#3275,#400);
#249=LINE('',#3278,#401);
#250=LINE('',#3279,#402);
#251=LINE('',#3281,#403);
#252=LINE('',#3282,#404);
#253=LINE('',#3285,#405);
#254=LINE('',#3293,#406);
#255=LINE('',#3295,#407);
#256=LINE('',#3296,#408);
#257=LINE('',#3299,#409);
#258=VECTOR('',#2036,10.);
#259=VECTOR('',#2039,10.);
#260=VECTOR('',#2044,10.);
#261=VECTOR('',#2045,10.);
#262=VECTOR('',#2048,10.);
#263=VECTOR('',#2049,10.);
#264=VECTOR('',#2052,10.);
#265=VECTOR('',#2061,10.);
#266=VECTOR('',#2064,10.);
#267=VECTOR('',#2065,10.);
#268=VECTOR('',#2070,10.);
#269=VECTOR('',#2073,10.);
#270=VECTOR('',#2074,10.);
#271=VECTOR('',#2079,10.);
#272=VECTOR('',#2082,10.);
#273=VECTOR('',#2091,10.);
#274=VECTOR('',#2094,10.);
#275=VECTOR('',#2097,10.);
#276=VECTOR('',#2100,10.);
#277=VECTOR('',#2101,10.);
#278=VECTOR('',#2104,10.);
#279=VECTOR('',#2107,10.);
#280=VECTOR('',#2110,10.);
#281=VECTOR('',#2113,10.);
#282=VECTOR('',#2114,10.);
#283=VECTOR('',#2127,10.);
#284=VECTOR('',#2130,10.);
#285=VECTOR('',#2133,10.);
#286=VECTOR('',#2136,10.);
#287=VECTOR('',#2139,10.);
#288=VECTOR('',#2142,10.);
#289=VECTOR('',#2145,10.);
#290=VECTOR('',#2148,10.);
#291=VECTOR('',#2151,10.);
#292=VECTOR('',#2154,10.);
#293=VECTOR('',#2157,10.);
#294=VECTOR('',#2160,10.);
#295=VECTOR('',#2163,10.);
#296=VECTOR('',#2168,10.);
#297=VECTOR('',#2171,10.);
#298=VECTOR('',#2172,10.);
#299=VECTOR('',#2175,10.);
#300=VECTOR('',#2180,10.);
#301=VECTOR('',#2183,10.);
#302=VECTOR('',#2186,10.);
#303=VECTOR('',#2189,10.);
#304=VECTOR('',#2194,10.);
#305=VECTOR('',#2201,2.75);
#306=VECTOR('',#2202,10.);
#307=VECTOR('',#2205,10.);
#308=VECTOR('',#2208,10.);
#309=VECTOR('',#2211,10.);
#310=VECTOR('',#2214,10.);
#311=VECTOR('',#2217,10.);
#312=VECTOR('',#2218,10.);
#313=VECTOR('',#2219,10.);
#314=VECTOR('',#2222,10.);
#315=VECTOR('',#2223,10.);
#316=VECTOR('',#2224,10.);
#317=VECTOR('',#2225,10.);
#318=VECTOR('',#2226,10.);
#319=VECTOR('',#2229,10.);
#320=VECTOR('',#2230,10.);
#321=VECTOR('',#2231,10.);
#322=VECTOR('',#2232,10.);
#323=VECTOR('',#2233,10.);
#324=VECTOR('',#2236,10.);
#325=VECTOR('',#2241,10.);
#326=VECTOR('',#2244,10.);
#327=VECTOR('',#2249,10.);
#328=VECTOR('',#2254,10.);
#329=VECTOR('',#2263,1.5);
#330=VECTOR('',#2266,10.);
#331=VECTOR('',#2267,10.);
#332=VECTOR('',#2268,10.);
#333=VECTOR('',#2269,10.);
#334=VECTOR('',#2270,10.);
#335=VECTOR('',#2273,10.);
#336=VECTOR('',#2276,10.);
#337=VECTOR('',#2279,10.);
#338=VECTOR('',#2280,10.);
#339=VECTOR('',#2281,10.);
#340=VECTOR('',#2282,10.);
#341=VECTOR('',#2285,10.);
#342=VECTOR('',#2290,10.);
#343=VECTOR('',#2295,10.);
#344=VECTOR('',#2300,10.);
#345=VECTOR('',#2303,10.);
#346=VECTOR('',#2306,10.);
#347=VECTOR('',#2307,10.);
#348=VECTOR('',#2308,10.);
#349=VECTOR('',#2309,10.);
#350=VECTOR('',#2312,10.);
#351=VECTOR('',#2313,10.);
#352=VECTOR('',#2314,10.);
#353=VECTOR('',#2315,10.);
#354=VECTOR('',#2332,5.);
#355=VECTOR('',#2335,5.);
#356=VECTOR('',#2340,5.);
#357=VECTOR('',#2343,5.);
#358=VECTOR('',#2348,10.);
#359=VECTOR('',#2349,10.);
#360=VECTOR('',#2350,10.);
#361=VECTOR('',#2351,10.);
#362=VECTOR('',#2356,1.5);
#363=VECTOR('',#2363,1.5);
#364=VECTOR('',#2370,10.);
#365=VECTOR('',#2373,10.);
#366=VECTOR('',#2376,10.);
#367=VECTOR('',#2377,10.);
#368=VECTOR('',#2378,10.);
#369=VECTOR('',#2383,10.);
#370=VECTOR('',#2388,5.);
#371=VECTOR('',#2389,10.);
#372=VECTOR('',#2390,10.);
#373=VECTOR('',#2399,5.);
#374=VECTOR('',#2400,10.);
#375=VECTOR('',#2401,10.);
#376=VECTOR('',#2414,5.);
#377=VECTOR('',#2417,10.);
#378=VECTOR('',#2418,10.);
#379=VECTOR('',#2419,10.);
#380=VECTOR('',#2432,10.);
#381=VECTOR('',#2435,5.);
#382=VECTOR('',#2436,10.);
#383=VECTOR('',#2437,10.);
#384=VECTOR('',#2450,2.75);
#385=VECTOR('',#2459,2.75);
#386=VECTOR('',#2468,2.75);
#387=VECTOR('',#2475,1.5);
#388=VECTOR('',#2478,10.);
#389=VECTOR('',#2479,10.);
#390=VECTOR('',#2480,10.);
#391=VECTOR('',#2481,10.);
#392=VECTOR('',#2486,10.);
#393=VECTOR('',#2487,10.);
#394=VECTOR('',#2488,10.);
#395=VECTOR('',#2489,10.);
#396=VECTOR('',#2496,10.);
#397=VECTOR('',#2499,10.);
#398=VECTOR('',#2510,10.);
#399=VECTOR('',#2513,10.);
#400=VECTOR('',#2518,10.);
#401=VECTOR('',#2523,10.);
#402=VECTOR('',#2524,10.);
#403=VECTOR('',#2527,10.);
#404=VECTOR('',#2528,10.);
#405=VECTOR('',#2531,1.5);
#406=VECTOR('',#2542,10.);
#407=VECTOR('',#2545,10.);
#408=VECTOR('',#2546,10.);
#409=VECTOR('',#2549,1.5);
#410=CYLINDRICAL_SURFACE('',#1834,9.);
#411=CYLINDRICAL_SURFACE('',#1836,9.);
#412=CYLINDRICAL_SURFACE('',#1839,10.);
#413=CYLINDRICAL_SURFACE('',#1843,10.);
#414=CYLINDRICAL_SURFACE('',#1845,9.);
#415=CYLINDRICAL_SURFACE('',#1848,9.);
#416=CYLINDRICAL_SURFACE('',#1854,10.);
#417=CYLINDRICAL_SURFACE('',#1867,9.);
#418=CYLINDRICAL_SURFACE('',#1868,10.);
#419=CYLINDRICAL_SURFACE('',#1870,10.);
#420=CYLINDRICAL_SURFACE('',#1884,5.);
#421=CYLINDRICAL_SURFACE('',#1885,5.);
#422=CYLINDRICAL_SURFACE('',#1887,5.);
#423=CYLINDRICAL_SURFACE('',#1889,5.);
#424=CYLINDRICAL_SURFACE('',#1893,2.75);
#425=CYLINDRICAL_SURFACE('',#1912,1.5);
#426=CYLINDRICAL_SURFACE('',#1934,4.75);
#427=CYLINDRICAL_SURFACE('',#1937,4.75);
#428=CYLINDRICAL_SURFACE('',#1941,1.5);
#429=CYLINDRICAL_SURFACE('',#1944,1.5);
#430=CYLINDRICAL_SURFACE('',#1947,5.);
#431=CYLINDRICAL_SURFACE('',#1951,5.);
#432=CYLINDRICAL_SURFACE('',#1955,5.);
#433=CYLINDRICAL_SURFACE('',#1959,5.);
#434=CYLINDRICAL_SURFACE('',#1962,5.);
#435=CYLINDRICAL_SURFACE('',#1966,5.);
#436=CYLINDRICAL_SURFACE('',#1969,5.);
#437=CYLINDRICAL_SURFACE('',#1973,5.);
#438=CYLINDRICAL_SURFACE('',#1978,2.75);
#439=CYLINDRICAL_SURFACE('',#1981,2.75);
#440=CYLINDRICAL_SURFACE('',#1985,2.75);
#441=CYLINDRICAL_SURFACE('',#1989,1.5);
#442=CYLINDRICAL_SURFACE('',#1994,10.);
#443=CYLINDRICAL_SURFACE('',#1997,165.238187910836);
#444=CYLINDRICAL_SURFACE('',#2000,10.);
#445=CYLINDRICAL_SURFACE('',#2003,155.23818752347);
#446=CYLINDRICAL_SURFACE('',#2008,1.5);
#447=CYLINDRICAL_SURFACE('',#2011,20.);
#448=CYLINDRICAL_SURFACE('',#2015,1.5);
#449=SPHERICAL_SURFACE('',#1830,9.);
#450=FACE_OUTER_BOUND('',#554,.T.);
#451=FACE_OUTER_BOUND('',#555,.T.);
#452=FACE_OUTER_BOUND('',#556,.T.);
#453=FACE_OUTER_BOUND('',#557,.T.);
#454=FACE_OUTER_BOUND('',#558,.T.);
#455=FACE_OUTER_BOUND('',#559,.T.);
#456=FACE_OUTER_BOUND('',#560,.T.);
#457=FACE_OUTER_BOUND('',#561,.T.);
#458=FACE_OUTER_BOUND('',#562,.T.);
#459=FACE_OUTER_BOUND('',#563,.T.);
#460=FACE_OUTER_BOUND('',#564,.T.);
#461=FACE_OUTER_BOUND('',#565,.T.);
#462=FACE_OUTER_BOUND('',#566,.T.);
#463=FACE_OUTER_BOUND('',#567,.T.);
#464=FACE_OUTER_BOUND('',#568,.T.);
#465=FACE_OUTER_BOUND('',#569,.T.);
#466=FACE_OUTER_BOUND('',#570,.T.);
#467=FACE_OUTER_BOUND('',#571,.T.);
#468=FACE_OUTER_BOUND('',#573,.T.);
#469=FACE_OUTER_BOUND('',#574,.T.);
#470=FACE_OUTER_BOUND('',#575,.T.);
#471=FACE_OUTER_BOUND('',#576,.T.);
#472=FACE_OUTER_BOUND('',#577,.T.);
#473=FACE_OUTER_BOUND('',#578,.T.);
#474=FACE_OUTER_BOUND('',#579,.T.);
#475=FACE_OUTER_BOUND('',#580,.T.);
#476=FACE_OUTER_BOUND('',#581,.T.);
#477=FACE_OUTER_BOUND('',#583,.T.);
#478=FACE_OUTER_BOUND('',#584,.T.);
#479=FACE_OUTER_BOUND('',#585,.T.);
#480=FACE_OUTER_BOUND('',#586,.T.);
#481=FACE_OUTER_BOUND('',#587,.T.);
#482=FACE_OUTER_BOUND('',#588,.T.);
#483=FACE_OUTER_BOUND('',#589,.T.);
#484=FACE_OUTER_BOUND('',#590,.T.);
#485=FACE_OUTER_BOUND('',#591,.T.);
#486=FACE_OUTER_BOUND('',#592,.T.);
#487=FACE_OUTER_BOUND('',#593,.T.);
#488=FACE_OUTER_BOUND('',#594,.T.);
#489=FACE_OUTER_BOUND('',#595,.T.);
#490=FACE_OUTER_BOUND('',#596,.T.);
#491=FACE_OUTER_BOUND('',#597,.T.);
#492=FACE_OUTER_BOUND('',#598,.T.);
#493=FACE_OUTER_BOUND('',#599,.T.);
#494=FACE_OUTER_BOUND('',#600,.T.);
#495=FACE_OUTER_BOUND('',#601,.T.);
#496=FACE_OUTER_BOUND('',#602,.T.);
#497=FACE_OUTER_BOUND('',#603,.T.);
#498=FACE_OUTER_BOUND('',#604,.T.);
#499=FACE_OUTER_BOUND('',#605,.T.);
#500=FACE_OUTER_BOUND('',#606,.T.);
#501=FACE_OUTER_BOUND('',#607,.T.);
#502=FACE_OUTER_BOUND('',#608,.T.);
#503=FACE_OUTER_BOUND('',#609,.T.);
#504=FACE_OUTER_BOUND('',#610,.T.);
#505=FACE_OUTER_BOUND('',#611,.T.);
#506=FACE_OUTER_BOUND('',#612,.T.);
#507=FACE_OUTER_BOUND('',#613,.T.);
#508=FACE_OUTER_BOUND('',#614,.T.);
#509=FACE_OUTER_BOUND('',#615,.T.);
#510=FACE_OUTER_BOUND('',#616,.T.);
#511=FACE_OUTER_BOUND('',#617,.T.);
#512=FACE_OUTER_BOUND('',#618,.T.);
#513=FACE_OUTER_BOUND('',#619,.T.);
#514=FACE_OUTER_BOUND('',#620,.T.);
#515=FACE_OUTER_BOUND('',#621,.T.);
#516=FACE_OUTER_BOUND('',#622,.T.);
#517=FACE_OUTER_BOUND('',#623,.T.);
#518=FACE_OUTER_BOUND('',#624,.T.);
#519=FACE_OUTER_BOUND('',#625,.T.);
#520=FACE_OUTER_BOUND('',#626,.T.);
#521=FACE_OUTER_BOUND('',#627,.T.);
#522=FACE_OUTER_BOUND('',#628,.T.);
#523=FACE_OUTER_BOUND('',#629,.T.);
#524=FACE_OUTER_BOUND('',#630,.T.);
#525=FACE_OUTER_BOUND('',#631,.T.);
#526=FACE_OUTER_BOUND('',#632,.T.);
#527=FACE_OUTER_BOUND('',#633,.T.);
#528=FACE_OUTER_BOUND('',#634,.T.);
#529=FACE_OUTER_BOUND('',#635,.T.);
#530=FACE_OUTER_BOUND('',#636,.T.);
#531=FACE_OUTER_BOUND('',#640,.T.);
#532=FACE_OUTER_BOUND('',#641,.T.);
#533=FACE_OUTER_BOUND('',#643,.T.);
#534=FACE_OUTER_BOUND('',#644,.T.);
#535=FACE_OUTER_BOUND('',#646,.T.);
#536=FACE_OUTER_BOUND('',#647,.T.);
#537=FACE_OUTER_BOUND('',#651,.T.);
#538=FACE_OUTER_BOUND('',#652,.T.);
#539=FACE_OUTER_BOUND('',#654,.T.);
#540=FACE_OUTER_BOUND('',#656,.T.);
#541=FACE_OUTER_BOUND('',#657,.T.);
#542=FACE_OUTER_BOUND('',#658,.T.);
#543=FACE_OUTER_BOUND('',#659,.T.);
#544=FACE_OUTER_BOUND('',#660,.T.);
#545=FACE_OUTER_BOUND('',#661,.T.);
#546=FACE_OUTER_BOUND('',#662,.T.);
#547=FACE_OUTER_BOUND('',#663,.T.);
#548=FACE_OUTER_BOUND('',#664,.T.);
#549=FACE_OUTER_BOUND('',#665,.T.);
#550=FACE_OUTER_BOUND('',#666,.T.);
#551=FACE_OUTER_BOUND('',#667,.T.);
#552=FACE_OUTER_BOUND('',#668,.T.);
#553=FACE_OUTER_BOUND('',#669,.T.);
#554=EDGE_LOOP('',(#1183,#1184,#1185,#1186));
#555=EDGE_LOOP('',(#1187,#1188,#1189));
#556=EDGE_LOOP('',(#1190,#1191,#1192,#1193));
#557=EDGE_LOOP('',(#1194,#1195,#1196,#1197));
#558=EDGE_LOOP('',(#1198,#1199,#1200,#1201));
#559=EDGE_LOOP('',(#1202,#1203,#1204));
#560=EDGE_LOOP('',(#1205,#1206,#1207,#1208,#1209,#1210,#1211));
#561=EDGE_LOOP('',(#1212,#1213,#1214,#1215));
#562=EDGE_LOOP('',(#1216,#1217,#1218));
#563=EDGE_LOOP('',(#1219,#1220,#1221,#1222));
#564=EDGE_LOOP('',(#1223,#1224,#1225,#1226));
#565=EDGE_LOOP('',(#1227,#1228,#1229,#1230));
#566=EDGE_LOOP('',(#1231,#1232,#1233,#1234));
#567=EDGE_LOOP('',(#1235,#1236,#1237,#1238));
#568=EDGE_LOOP('',(#1239,#1240,#1241,#1242));
#569=EDGE_LOOP('',(#1243,#1244,#1245,#1246,#1247,#1248,#1249));
#570=EDGE_LOOP('',(#1250,#1251,#1252,#1253));
#571=EDGE_LOOP('',(#1254,#1255,#1256,#1257,#1258,#1259,#1260,#1261,#1262,
#1263,#1264,#1265,#1266,#1267,#1268,#1269,#1270,#1271));
#572=EDGE_LOOP('',(#1272));
#573=EDGE_LOOP('',(#1273,#1274,#1275,#1276));
#574=EDGE_LOOP('',(#1277,#1278,#1279,#1280));
#575=EDGE_LOOP('',(#1281,#1282,#1283,#1284));
#576=EDGE_LOOP('',(#1285,#1286,#1287,#1288));
#577=EDGE_LOOP('',(#1289,#1290,#1291,#1292));
#578=EDGE_LOOP('',(#1293,#1294,#1295,#1296,#1297));
#579=EDGE_LOOP('',(#1298,#1299,#1300,#1301,#1302));
#580=EDGE_LOOP('',(#1303,#1304,#1305));
#581=EDGE_LOOP('',(#1306,#1307,#1308,#1309,#1310,#1311,#1312,#1313,#1314,
#1315,#1316,#1317,#1318,#1319,#1320,#1321,#1322,#1323));
#582=EDGE_LOOP('',(#1324));
#583=EDGE_LOOP('',(#1325,#1326,#1327,#1328,#1329));
#584=EDGE_LOOP('',(#1330,#1331,#1332,#1333));
#585=EDGE_LOOP('',(#1334,#1335,#1336,#1337,#1338));
#586=EDGE_LOOP('',(#1339,#1340,#1341,#1342));
#587=EDGE_LOOP('',(#1343,#1344,#1345,#1346));
#588=EDGE_LOOP('',(#1347,#1348,#1349,#1350));
#589=EDGE_LOOP('',(#1351,#1352,#1353,#1354));
#590=EDGE_LOOP('',(#1355,#1356,#1357,#1358));
#591=EDGE_LOOP('',(#1359,#1360,#1361,#1362));
#592=EDGE_LOOP('',(#1363,#1364,#1365));
#593=EDGE_LOOP('',(#1366,#1367,#1368,#1369,#1370,#1371,#1372,#1373,#1374,
#1375,#1376,#1377));
#594=EDGE_LOOP('',(#1378,#1379));
#595=EDGE_LOOP('',(#1380,#1381,#1382,#1383));
#596=EDGE_LOOP('',(#1384,#1385,#1386,#1387,#1388,#1389,#1390,#1391,#1392));
#597=EDGE_LOOP('',(#1393,#1394,#1395,#1396,#1397,#1398,#1399,#1400,#1401));
#598=EDGE_LOOP('',(#1402,#1403,#1404,#1405));
#599=EDGE_LOOP('',(#1406,#1407,#1408));
#600=EDGE_LOOP('',(#1409,#1410,#1411));
#601=EDGE_LOOP('',(#1412,#1413,#1414));
#602=EDGE_LOOP('',(#1415,#1416,#1417));
#603=EDGE_LOOP('',(#1418,#1419,#1420,#1421,#1422));
#604=EDGE_LOOP('',(#1423,#1424,#1425,#1426,#1427));
#605=EDGE_LOOP('',(#1428,#1429,#1430,#1431,#1432,#1433,#1434));
#606=EDGE_LOOP('',(#1435,#1436,#1437,#1438,#1439));
#607=EDGE_LOOP('',(#1440,#1441,#1442));
#608=EDGE_LOOP('',(#1443,#1444,#1445,#1446,#1447));
#609=EDGE_LOOP('',(#1448,#1449,#1450));
#610=EDGE_LOOP('',(#1451,#1452,#1453));
#611=EDGE_LOOP('',(#1454,#1455,#1456));
#612=EDGE_LOOP('',(#1457,#1458,#1459,#1460));
#613=EDGE_LOOP('',(#1461,#1462,#1463,#1464,#1465,#1466,#1467,#1468,#1469));
#614=EDGE_LOOP('',(#1470,#1471,#1472,#1473,#1474,#1475,#1476,#1477,#1478));
#615=EDGE_LOOP('',(#1479,#1480,#1481,#1482));
#616=EDGE_LOOP('',(#1483,#1484));
#617=EDGE_LOOP('',(#1485,#1486,#1487));
#618=EDGE_LOOP('',(#1488,#1489,#1490,#1491));
#619=EDGE_LOOP('',(#1492,#1493,#1494,#1495));
#620=EDGE_LOOP('',(#1496,#1497,#1498,#1499));
#621=EDGE_LOOP('',(#1500,#1501,#1502,#1503));
#622=EDGE_LOOP('',(#1504,#1505,#1506,#1507));
#623=EDGE_LOOP('',(#1508,#1509,#1510,#1511));
#624=EDGE_LOOP('',(#1512,#1513,#1514,#1515));
#625=EDGE_LOOP('',(#1516,#1517,#1518,#1519));
#626=EDGE_LOOP('',(#1520,#1521,#1522,#1523));
#627=EDGE_LOOP('',(#1524,#1525,#1526,#1527));
#628=EDGE_LOOP('',(#1528,#1529,#1530,#1531));
#629=EDGE_LOOP('',(#1532,#1533,#1534,#1535));
#630=EDGE_LOOP('',(#1536,#1537,#1538,#1539));
#631=EDGE_LOOP('',(#1540,#1541,#1542,#1543));
#632=EDGE_LOOP('',(#1544,#1545,#1546,#1547));
#633=EDGE_LOOP('',(#1548,#1549,#1550,#1551));
#634=EDGE_LOOP('',(#1552,#1553,#1554,#1555));
#635=EDGE_LOOP('',(#1556,#1557,#1558,#1559));
#636=EDGE_LOOP('',(#1560,#1561,#1562,#1563,#1564,#1565,#1566,#1567,#1568,
#1569,#1570,#1571,#1572,#1573,#1574,#1575));
#637=EDGE_LOOP('',(#1576));
#638=EDGE_LOOP('',(#1577));
#639=EDGE_LOOP('',(#1578));
#640=EDGE_LOOP('',(#1579,#1580,#1581,#1582,#1583,#1584,#1585,#1586,#1587,
#1588,#1589,#1590));
#641=EDGE_LOOP('',(#1591));
#642=EDGE_LOOP('',(#1592));
#643=EDGE_LOOP('',(#1593,#1594,#1595,#1596));
#644=EDGE_LOOP('',(#1597));
#645=EDGE_LOOP('',(#1598));
#646=EDGE_LOOP('',(#1599,#1600,#1601,#1602));
#647=EDGE_LOOP('',(#1603,#1604,#1605,#1606,#1607,#1608,#1609,#1610,#1611,
#1612,#1613,#1614,#1615,#1616,#1617,#1618));
#648=EDGE_LOOP('',(#1619));
#649=EDGE_LOOP('',(#1620));
#650=EDGE_LOOP('',(#1621));
#651=EDGE_LOOP('',(#1622,#1623,#1624,#1625,#1626,#1627,#1628));
#652=EDGE_LOOP('',(#1629,#1630,#1631,#1632));
#653=EDGE_LOOP('',(#1633));
#654=EDGE_LOOP('',(#1634,#1635,#1636,#1637));
#655=EDGE_LOOP('',(#1638));
#656=EDGE_LOOP('',(#1639,#1640,#1641,#1642));
#657=EDGE_LOOP('',(#1643,#1644,#1645,#1646));
#658=EDGE_LOOP('',(#1647,#1648,#1649,#1650));
#659=EDGE_LOOP('',(#1651,#1652,#1653,#1654));
#660=EDGE_LOOP('',(#1655,#1656,#1657,#1658));
#661=EDGE_LOOP('',(#1659,#1660,#1661,#1662));
#662=EDGE_LOOP('',(#1663,#1664,#1665,#1666));
#663=EDGE_LOOP('',(#1667));
#664=EDGE_LOOP('',(#1668,#1669,#1670,#1671));
#665=EDGE_LOOP('',(#1672,#1673,#1674,#1675));
#666=EDGE_LOOP('',(#1676,#1677,#1678,#1679));
#667=EDGE_LOOP('',(#1680));
#668=EDGE_LOOP('',(#1681,#1682,#1683,#1684,#1685,#1686,#1687,#1688,#1689,
#1690));
#669=EDGE_LOOP('',(#1691,#1692,#1693,#1694,#1695,#1696,#1697,#1698,#1699,
#1700));
#670=B_SPLINE_CURVE_WITH_KNOTS('',3,(#2583,#2584,#2585,#2586),
 .UNSPECIFIED.,.F.,.F.,(4,4),(-0.468738559469128,0.),.UNSPECIFIED.);
#671=B_SPLINE_CURVE_WITH_KNOTS('',3,(#2589,#2590,#2591,#2592),
 .UNSPECIFIED.,.F.,.F.,(4,4),(0.,0.468738559469128),.UNSPECIFIED.);
#672=B_SPLINE_CURVE_WITH_KNOTS('',3,(#2642,#2643,#2644,#2645,#2646,#2647),
 .UNSPECIFIED.,.F.,.F.,(4,1,1,4),(-1.11240790506969,-0.874034782554758,
-0.635661660039824,0.),.UNSPECIFIED.);
#673=B_SPLINE_CURVE_WITH_KNOTS('',3,(#2648,#2649,#2650,#2651,#2652,#2653),
 .UNSPECIFIED.,.F.,.F.,(4,1,1,4),(0.,0.635661660039824,0.874034782554758,
1.11240790506969),.UNSPECIFIED.);
#674=B_SPLINE_CURVE_WITH_KNOTS('',3,(#2672,#2673,#2674,#2675),
 .UNSPECIFIED.,.F.,.F.,(4,4),(-1.44447546525014,-0.975735120151052),
 .UNSPECIFIED.);
#675=B_SPLINE_CURVE_WITH_KNOTS('',3,(#2681,#2682,#2683,#2684,#2685),
 .UNSPECIFIED.,.F.,.F.,(4,1,4),(0.01982891782406,0.0304443111052276,0.0710367259121985),
 .UNSPECIFIED.);
#676=B_SPLINE_CURVE_WITH_KNOTS('',3,(#2708,#2709,#2710,#2711),
 .UNSPECIFIED.,.F.,.F.,(4,4),(0.975735120151052,1.44447546525014),
 .UNSPECIFIED.);
#677=B_SPLINE_CURVE_WITH_KNOTS('',3,(#2788,#2789,#2790,#2791,#2792,#2793,
#2794,#2795),.UNSPECIFIED.,.F.,.F.,(4,2,2,4),(0.,0.359657397476649,0.614359403540359,
0.869444057128809),.UNSPECIFIED.);
#678=B_SPLINE_CURVE_WITH_KNOTS('',3,(#2796,#2797,#2798,#2799,#2800),
 .UNSPECIFIED.,.F.,.F.,(4,1,4),(-0.071036725912199,-0.0304443111052285,
-7.13113774500546E-16),.UNSPECIFIED.);
#679=B_SPLINE_CURVE_WITH_KNOTS('',3,(#2801,#2802,#2803,#2804,#2805),
 .UNSPECIFIED.,.F.,.F.,(4,1,4),(7.13113774500546E-16,0.0304443111052285,
0.0512010455423559),.UNSPECIFIED.);
#680=B_SPLINE_CURVE_WITH_KNOTS('',3,(#2865,#2866,#2867,#2868,#2869,#2870,
#2871,#2872),.UNSPECIFIED.,.F.,.F.,(4,2,2,4),(0.,0.354738669420096,0.614839564685184,
0.869319201063758),.UNSPECIFIED.);
#681=B_SPLINE_CURVE_WITH_KNOTS('',3,(#2875,#2876,#2877,#2878,#2879),
 .UNSPECIFIED.,.F.,.F.,(4,1,4),(-0.0710367259121985,-0.0304443111052276,
5.55111512312578E-16),.UNSPECIFIED.);
#682=CIRCLE('',#1828,9.);
#683=CIRCLE('',#1829,9.);
#684=CIRCLE('',#1831,8.99999999999999);
#685=CIRCLE('',#1832,8.99999999999999);
#686=CIRCLE('',#1833,9.);
#687=CIRCLE('',#1837,9.);
#688=CIRCLE('',#1842,9.);
#689=CIRCLE('',#1850,8.99999999999999);
#690=CIRCLE('',#1851,8.99999999999998);
#691=CIRCLE('',#1864,9.00000000000001);
#692=CIRCLE('',#1865,9.00000000000001);
#693=CIRCLE('',#1876,5.);
#694=CIRCLE('',#1877,5.);
#695=CIRCLE('',#1878,5.);
#696=CIRCLE('',#1879,5.);
#697=CIRCLE('',#1880,2.75);
#698=CIRCLE('',#1891,2.75);
#699=CIRCLE('',#1892,2.75);
#700=CIRCLE('',#1894,2.75);
#701=CIRCLE('',#1895,2.75);
#702=CIRCLE('',#1896,2.75);
#703=CIRCLE('',#1903,1.5);
#704=CIRCLE('',#1905,1.5);
#705=CIRCLE('',#1907,1.5);
#706=CIRCLE('',#1909,1.5);
#707=CIRCLE('',#1915,1.5);
#708=CIRCLE('',#1918,1.5);
#709=CIRCLE('',#1920,1.5);
#710=CIRCLE('',#1922,1.5);
#711=CIRCLE('',#1924,2.75);
#712=CIRCLE('',#1928,2.75);
#713=CIRCLE('',#1930,2.75);
#714=CIRCLE('',#1932,2.75);
#715=CIRCLE('',#1933,2.75);
#716=CIRCLE('',#1935,4.75);
#717=CIRCLE('',#1936,4.75);
#718=CIRCLE('',#1938,4.75);
#719=CIRCLE('',#1939,4.75);
#720=CIRCLE('',#1942,1.5);
#721=CIRCLE('',#1943,1.5);
#722=CIRCLE('',#1945,1.5);
#723=CIRCLE('',#1946,1.5);
#724=CIRCLE('',#1948,5.);
#725=CIRCLE('',#1949,5.);
#726=CIRCLE('',#1952,5.);
#727=CIRCLE('',#1953,5.);
#728=CIRCLE('',#1956,5.);
#729=CIRCLE('',#1957,5.);
#730=CIRCLE('',#1960,5.);
#731=CIRCLE('',#1961,5.);
#732=CIRCLE('',#1963,5.);
#733=CIRCLE('',#1964,5.);
#734=CIRCLE('',#1967,5.);
#735=CIRCLE('',#1968,5.);
#736=CIRCLE('',#1970,5.);
#737=CIRCLE('',#1971,5.);
#738=CIRCLE('',#1974,5.);
#739=CIRCLE('',#1975,5.);
#740=CIRCLE('',#1977,2.75);
#741=CIRCLE('',#1980,2.75);
#742=CIRCLE('',#1982,2.75);
#743=CIRCLE('',#1984,2.75);
#744=CIRCLE('',#1986,2.75);
#745=CIRCLE('',#1988,1.5);
#746=CIRCLE('',#1991,1.5);
#747=CIRCLE('',#1995,10.);
#748=CIRCLE('',#1996,10.);
#749=CIRCLE('',#1998,165.238187910836);
#750=CIRCLE('',#1999,165.238187910836);
#751=CIRCLE('',#2001,10.);
#752=CIRCLE('',#2002,10.);
#753=CIRCLE('',#2004,155.23818752347);
#754=CIRCLE('',#2005,155.23818752347);
#755=CIRCLE('',#2009,1.5);
#756=CIRCLE('',#2012,20.);
#757=CIRCLE('',#2013,20.);
#758=CIRCLE('',#2016,1.5);
#759=VERTEX_POINT('',#2579);
#760=VERTEX_POINT('',#2580);
#761=VERTEX_POINT('',#2582);
#762=VERTEX_POINT('',#2587);
#763=VERTEX_POINT('',#2594);
#764=VERTEX_POINT('',#2639);
#765=VERTEX_POINT('',#2640);
#766=VERTEX_POINT('',#2655);
#767=VERTEX_POINT('',#2657);
#768=VERTEX_POINT('',#2661);
#769=VERTEX_POINT('',#2662);
#770=VERTEX_POINT('',#2667);
#771=VERTEX_POINT('',#2671);
#772=VERTEX_POINT('',#2676);
#773=VERTEX_POINT('',#2678);
#774=VERTEX_POINT('',#2680);
#775=VERTEX_POINT('',#2707);
#776=VERTEX_POINT('',#2716);
#777=VERTEX_POINT('',#2720);
#778=VERTEX_POINT('',#2724);
#779=VERTEX_POINT('',#2728);
#780=VERTEX_POINT('',#2729);
#781=VERTEX_POINT('',#2731);
#782=VERTEX_POINT('',#2733);
#783=VERTEX_POINT('',#2756);
#784=VERTEX_POINT('',#2757);
#785=VERTEX_POINT('',#2786);
#786=VERTEX_POINT('',#2787);
#787=VERTEX_POINT('',#2807);
#788=VERTEX_POINT('',#2814);
#789=VERTEX_POINT('',#2816);
#790=VERTEX_POINT('',#2818);
#791=VERTEX_POINT('',#2820);
#792=VERTEX_POINT('',#2822);
#793=VERTEX_POINT('',#2824);
#794=VERTEX_POINT('',#2826);
#795=VERTEX_POINT('',#2828);
#796=VERTEX_POINT('',#2830);
#797=VERTEX_POINT('',#2832);
#798=VERTEX_POINT('',#2834);
#799=VERTEX_POINT('',#2837);
#800=VERTEX_POINT('',#2864);
#801=VERTEX_POINT('',#2873);
#802=VERTEX_POINT('',#2900);
#803=VERTEX_POINT('',#2906);
#804=VERTEX_POINT('',#2908);
#805=VERTEX_POINT('',#2912);
#806=VERTEX_POINT('',#2914);
#807=VERTEX_POINT('',#2924);
#808=VERTEX_POINT('',#2926);
#809=VERTEX_POINT('',#2928);
#810=VERTEX_POINT('',#2930);
#811=VERTEX_POINT('',#2932);
#812=VERTEX_POINT('',#2934);
#813=VERTEX_POINT('',#2936);
#814=VERTEX_POINT('',#2938);
#815=VERTEX_POINT('',#2941);
#816=VERTEX_POINT('',#2961);
#817=VERTEX_POINT('',#2962);
#818=VERTEX_POINT('',#2964);
#819=VERTEX_POINT('',#2969);
#820=VERTEX_POINT('',#2971);
#821=VERTEX_POINT('',#2973);
#822=VERTEX_POINT('',#2975);
#823=VERTEX_POINT('',#2977);
#824=VERTEX_POINT('',#2979);
#825=VERTEX_POINT('',#2985);
#826=VERTEX_POINT('',#2986);
#827=VERTEX_POINT('',#2991);
#828=VERTEX_POINT('',#2993);
#829=VERTEX_POINT('',#2995);
#830=VERTEX_POINT('',#2997);
#831=VERTEX_POINT('',#3001);
#832=VERTEX_POINT('',#3003);
#833=VERTEX_POINT('',#3005);
#834=VERTEX_POINT('',#3007);
#835=VERTEX_POINT('',#3013);
#836=VERTEX_POINT('',#3020);
#837=VERTEX_POINT('',#3031);
#838=VERTEX_POINT('',#3032);
#839=VERTEX_POINT('',#3034);
#840=VERTEX_POINT('',#3036);
#841=VERTEX_POINT('',#3038);
#842=VERTEX_POINT('',#3042);
#843=VERTEX_POINT('',#3043);
#844=VERTEX_POINT('',#3045);
#845=VERTEX_POINT('',#3049);
#846=VERTEX_POINT('',#3050);
#847=VERTEX_POINT('',#3052);
#848=VERTEX_POINT('',#3057);
#849=VERTEX_POINT('',#3067);
#850=VERTEX_POINT('',#3069);
#851=VERTEX_POINT('',#3073);
#852=VERTEX_POINT('',#3075);
#853=VERTEX_POINT('',#3077);
#854=VERTEX_POINT('',#3081);
#855=VERTEX_POINT('',#3082);
#856=VERTEX_POINT('',#3084);
#857=VERTEX_POINT('',#3093);
#858=VERTEX_POINT('',#3097);
#859=VERTEX_POINT('',#3098);
#860=VERTEX_POINT('',#3100);
#861=VERTEX_POINT('',#3102);
#862=VERTEX_POINT('',#3106);
#863=VERTEX_POINT('',#3107);
#864=VERTEX_POINT('',#3109);
#865=VERTEX_POINT('',#3111);
#866=VERTEX_POINT('',#3115);
#867=VERTEX_POINT('',#3116);
#868=VERTEX_POINT('',#3118);
#869=VERTEX_POINT('',#3120);
#870=VERTEX_POINT('',#3124);
#871=VERTEX_POINT('',#3126);
#872=VERTEX_POINT('',#3130);
#873=VERTEX_POINT('',#3132);
#874=VERTEX_POINT('',#3136);
#875=VERTEX_POINT('',#3137);
#876=VERTEX_POINT('',#3139);
#877=VERTEX_POINT('',#3141);
#878=VERTEX_POINT('',#3145);
#879=VERTEX_POINT('',#3146);
#880=VERTEX_POINT('',#3151);
#881=VERTEX_POINT('',#3153);
#882=VERTEX_POINT('',#3157);
#883=VERTEX_POINT('',#3158);
#884=VERTEX_POINT('',#3166);
#885=VERTEX_POINT('',#3167);
#886=VERTEX_POINT('',#3175);
#887=VERTEX_POINT('',#3177);
#888=VERTEX_POINT('',#3181);
#889=VERTEX_POINT('',#3182);
#890=VERTEX_POINT('',#3190);
#891=VERTEX_POINT('',#3192);
#892=VERTEX_POINT('',#3196);
#893=VERTEX_POINT('',#3197);
#894=VERTEX_POINT('',#3205);
#895=VERTEX_POINT('',#3210);
#896=VERTEX_POINT('',#3213);
#897=VERTEX_POINT('',#3217);
#898=VERTEX_POINT('',#3220);
#899=VERTEX_POINT('',#3224);
#900=VERTEX_POINT('',#3229);
#901=VERTEX_POINT('',#3230);
#902=VERTEX_POINT('',#3232);
#903=VERTEX_POINT('',#3234);
#904=VERTEX_POINT('',#3237);
#905=VERTEX_POINT('',#3240);
#906=VERTEX_POINT('',#3241);
#907=VERTEX_POINT('',#3243);
#908=VERTEX_POINT('',#3245);
#909=VERTEX_POINT('',#3248);
#910=VERTEX_POINT('',#3251);
#911=VERTEX_POINT('',#3252);
#912=VERTEX_POINT('',#3254);
#913=VERTEX_POINT('',#3256);
#914=VERTEX_POINT('',#3263);
#915=VERTEX_POINT('',#3264);
#916=VERTEX_POINT('',#3266);
#917=VERTEX_POINT('',#3268);
#918=VERTEX_POINT('',#3272);
#919=VERTEX_POINT('',#3274);
#920=VERTEX_POINT('',#3284);
#921=VERTEX_POINT('',#3289);
#922=VERTEX_POINT('',#3291);
#923=VERTEX_POINT('',#3298);
#924=EDGE_CURVE('',#759,#760,#682,.T.);
#925=EDGE_CURVE('',#759,#761,#670,.T.);
#926=EDGE_CURVE('',#761,#762,#683,.T.);
#927=EDGE_CURVE('',#762,#760,#671,.T.);
#928=EDGE_CURVE('',#761,#763,#684,.T.);
#929=EDGE_CURVE('',#763,#762,#685,.T.);
#930=EDGE_CURVE('',#764,#765,#686,.T.);
#931=EDGE_CURVE('',#765,#762,#672,.T.);
#932=EDGE_CURVE('',#763,#764,#673,.T.);
#933=EDGE_CURVE('',#760,#766,#106,.T.);
#934=EDGE_CURVE('',#766,#767,#88,.T.);
#935=EDGE_CURVE('',#767,#759,#107,.T.);
#936=EDGE_CURVE('',#768,#769,#687,.T.);
#937=EDGE_CURVE('',#769,#765,#108,.T.);
#938=EDGE_CURVE('',#764,#768,#109,.T.);
#939=EDGE_CURVE('',#770,#764,#110,.T.);
#940=EDGE_CURVE('',#768,#770,#111,.T.);
#941=EDGE_CURVE('',#771,#763,#674,.T.);
#942=EDGE_CURVE('',#771,#772,#112,.T.);
#943=EDGE_CURVE('',#773,#772,#89,.T.);
#944=EDGE_CURVE('',#774,#773,#675,.T.);
#945=EDGE_CURVE('',#774,#770,#90,.T.);
#946=EDGE_CURVE('',#761,#775,#676,.T.);
#947=EDGE_CURVE('',#771,#775,#688,.T.);
#948=EDGE_CURVE('',#759,#775,#113,.T.);
#949=EDGE_CURVE('',#767,#776,#114,.T.);
#950=EDGE_CURVE('',#775,#776,#115,.T.);
#951=EDGE_CURVE('',#776,#777,#91,.T.);
#952=EDGE_CURVE('',#777,#771,#116,.T.);
#953=EDGE_CURVE('',#777,#778,#117,.T.);
#954=EDGE_CURVE('',#772,#778,#118,.T.);
#955=EDGE_CURVE('',#779,#780,#92,.T.);
#956=EDGE_CURVE('',#780,#781,#119,.T.);
#957=EDGE_CURVE('',#781,#782,#689,.T.);
#958=EDGE_CURVE('',#782,#779,#120,.T.);
#959=EDGE_CURVE('',#783,#784,#690,.T.);
#960=EDGE_CURVE('',#784,#782,#93,.T.);
#961=EDGE_CURVE('',#781,#783,#94,.T.);
#962=EDGE_CURVE('',#785,#786,#677,.T.);
#963=EDGE_CURVE('',#786,#784,#678,.T.);
#964=EDGE_CURVE('',#783,#785,#679,.T.);
#965=EDGE_CURVE('',#765,#787,#121,.T.);
#966=EDGE_CURVE('',#787,#785,#95,.T.);
#967=EDGE_CURVE('',#781,#760,#122,.T.);
#968=EDGE_CURVE('',#780,#766,#123,.T.);
#969=EDGE_CURVE('',#788,#779,#124,.T.);
#970=EDGE_CURVE('',#788,#789,#125,.T.);
#971=EDGE_CURVE('',#790,#789,#96,.T.);
#972=EDGE_CURVE('',#790,#791,#126,.T.);
#973=EDGE_CURVE('',#792,#791,#97,.T.);
#974=EDGE_CURVE('',#792,#793,#127,.T.);
#975=EDGE_CURVE('',#794,#793,#98,.T.);
#976=EDGE_CURVE('',#794,#795,#128,.T.);
#977=EDGE_CURVE('',#796,#795,#99,.T.);
#978=EDGE_CURVE('',#796,#797,#129,.T.);
#979=EDGE_CURVE('',#798,#797,#130,.T.);
#980=EDGE_CURVE('',#778,#798,#100,.T.);
#981=EDGE_CURVE('',#799,#799,#101,.T.);
#982=EDGE_CURVE('',#800,#774,#680,.T.);
#983=EDGE_CURVE('',#773,#801,#691,.T.);
#984=EDGE_CURVE('',#801,#800,#681,.T.);
#985=EDGE_CURVE('',#772,#802,#692,.T.);
#986=EDGE_CURVE('',#802,#801,#102,.T.);
#987=EDGE_CURVE('',#798,#802,#131,.T.);
#988=EDGE_CURVE('',#786,#803,#132,.T.);
#989=EDGE_CURVE('',#803,#804,#103,.T.);
#990=EDGE_CURVE('',#804,#784,#133,.T.);
#991=EDGE_CURVE('',#801,#805,#134,.T.);
#992=EDGE_CURVE('',#805,#806,#104,.T.);
#993=EDGE_CURVE('',#800,#806,#135,.T.);
#994=EDGE_CURVE('',#797,#805,#136,.T.);
#995=EDGE_CURVE('',#804,#788,#137,.T.);
#996=EDGE_CURVE('',#769,#787,#138,.T.);
#997=EDGE_CURVE('',#806,#807,#139,.T.);
#998=EDGE_CURVE('',#808,#807,#693,.T.);
#999=EDGE_CURVE('',#808,#809,#140,.T.);
#1000=EDGE_CURVE('',#810,#809,#694,.T.);
#1001=EDGE_CURVE('',#810,#811,#141,.T.);
#1002=EDGE_CURVE('',#812,#811,#695,.T.);
#1003=EDGE_CURVE('',#812,#813,#142,.T.);
#1004=EDGE_CURVE('',#814,#813,#696,.T.);
#1005=EDGE_CURVE('',#803,#814,#143,.T.);
#1006=EDGE_CURVE('',#815,#815,#697,.T.);
#1007=EDGE_CURVE('',#789,#814,#144,.T.);
#1008=EDGE_CURVE('',#809,#794,#145,.T.);
#1009=EDGE_CURVE('',#795,#808,#146,.T.);
#1010=EDGE_CURVE('',#807,#796,#147,.T.);
#1011=EDGE_CURVE('',#793,#810,#148,.T.);
#1012=EDGE_CURVE('',#811,#792,#149,.T.);
#1013=EDGE_CURVE('',#791,#812,#150,.T.);
#1014=EDGE_CURVE('',#813,#790,#151,.T.);
#1015=EDGE_CURVE('',#816,#817,#152,.T.);
#1016=EDGE_CURVE('',#818,#817,#698,.T.);
#1017=EDGE_CURVE('',#816,#818,#699,.T.);
#1018=EDGE_CURVE('',#815,#818,#153,.T.);
#1019=EDGE_CURVE('',#817,#819,#154,.T.);
#1020=EDGE_CURVE('',#819,#820,#700,.T.);
#1021=EDGE_CURVE('',#821,#820,#155,.T.);
#1022=EDGE_CURVE('',#821,#822,#701,.T.);
#1023=EDGE_CURVE('',#822,#823,#156,.T.);
#1024=EDGE_CURVE('',#823,#824,#702,.T.);
#1025=EDGE_CURVE('',#816,#824,#157,.T.);
#1026=EDGE_CURVE('',#821,#822,#158,.T.);
#1027=EDGE_CURVE('',#825,#826,#159,.T.);
#1028=EDGE_CURVE('',#820,#826,#160,.T.);
#1029=EDGE_CURVE('',#825,#819,#161,.T.);
#1030=EDGE_CURVE('',#826,#827,#162,.T.);
#1031=EDGE_CURVE('',#827,#828,#163,.T.);
#1032=EDGE_CURVE('',#828,#829,#164,.T.);
#1033=EDGE_CURVE('',#830,#829,#165,.T.);
#1034=EDGE_CURVE('',#830,#823,#166,.T.);
#1035=EDGE_CURVE('',#824,#831,#167,.T.);
#1036=EDGE_CURVE('',#831,#832,#168,.T.);
#1037=EDGE_CURVE('',#832,#833,#169,.T.);
#1038=EDGE_CURVE('',#833,#834,#170,.T.);
#1039=EDGE_CURVE('',#825,#834,#171,.T.);
#1040=EDGE_CURVE('',#830,#831,#172,.T.);
#1041=EDGE_CURVE('',#835,#828,#703,.T.);
#1042=EDGE_CURVE('',#829,#835,#173,.T.);
#1043=EDGE_CURVE('',#835,#832,#174,.T.);
#1044=EDGE_CURVE('',#833,#835,#704,.T.);
#1045=EDGE_CURVE('',#836,#827,#175,.T.);
#1046=EDGE_CURVE('',#828,#836,#705,.T.);
#1047=EDGE_CURVE('',#834,#836,#176,.T.);
#1048=EDGE_CURVE('',#836,#833,#706,.T.);
#1049=EDGE_CURVE('',#833,#799,#177,.T.);
#1050=EDGE_CURVE('',#837,#838,#178,.T.);
#1051=EDGE_CURVE('',#837,#839,#179,.T.);
#1052=EDGE_CURVE('',#839,#840,#180,.T.);
#1053=EDGE_CURVE('',#840,#841,#181,.T.);
#1054=EDGE_CURVE('',#838,#841,#182,.T.);
#1055=EDGE_CURVE('',#842,#843,#183,.T.);
#1056=EDGE_CURVE('',#844,#842,#707,.T.);
#1057=EDGE_CURVE('',#843,#844,#184,.T.);
#1058=EDGE_CURVE('',#845,#846,#185,.T.);
#1059=EDGE_CURVE('',#845,#847,#186,.T.);
#1060=EDGE_CURVE('',#847,#842,#187,.T.);
#1061=EDGE_CURVE('',#846,#843,#188,.T.);
#1062=EDGE_CURVE('',#848,#847,#189,.T.);
#1063=EDGE_CURVE('',#842,#848,#708,.T.);
#1064=EDGE_CURVE('',#841,#848,#190,.T.);
#1065=EDGE_CURVE('',#848,#840,#709,.T.);
#1066=EDGE_CURVE('',#844,#839,#191,.T.);
#1067=EDGE_CURVE('',#840,#844,#710,.T.);
#1068=EDGE_CURVE('',#849,#838,#192,.T.);
#1069=EDGE_CURVE('',#850,#849,#711,.T.);
#1070=EDGE_CURVE('',#837,#850,#193,.T.);
#1071=EDGE_CURVE('',#845,#851,#194,.T.);
#1072=EDGE_CURVE('',#852,#851,#195,.T.);
#1073=EDGE_CURVE('',#853,#852,#196,.T.);
#1074=EDGE_CURVE('',#853,#849,#197,.T.);
#1075=EDGE_CURVE('',#854,#855,#198,.T.);
#1076=EDGE_CURVE('',#854,#856,#199,.T.);
#1077=EDGE_CURVE('',#856,#846,#200,.T.);
#1078=EDGE_CURVE('',#855,#850,#201,.T.);
#1079=EDGE_CURVE('',#851,#856,#712,.T.);
#1080=EDGE_CURVE('',#854,#855,#713,.T.);
#1081=EDGE_CURVE('',#857,#852,#714,.T.);
#1082=EDGE_CURVE('',#853,#857,#715,.T.);
#1083=EDGE_CURVE('',#858,#859,#202,.T.);
#1084=EDGE_CURVE('',#858,#860,#716,.T.);
#1085=EDGE_CURVE('',#861,#860,#203,.T.);
#1086=EDGE_CURVE('',#859,#861,#717,.T.);
#1087=EDGE_CURVE('',#862,#863,#204,.T.);
#1088=EDGE_CURVE('',#864,#862,#718,.T.);
#1089=EDGE_CURVE('',#865,#864,#205,.T.);
#1090=EDGE_CURVE('',#865,#863,#719,.T.);
#1091=EDGE_CURVE('',#866,#867,#206,.T.);
#1092=EDGE_CURVE('',#868,#866,#207,.T.);
#1093=EDGE_CURVE('',#869,#868,#208,.T.);
#1094=EDGE_CURVE('',#867,#869,#209,.T.);
#1095=EDGE_CURVE('',#870,#870,#720,.T.);
#1096=EDGE_CURVE('',#870,#871,#210,.T.);
#1097=EDGE_CURVE('',#871,#871,#721,.T.);
#1098=EDGE_CURVE('',#872,#872,#722,.T.);
#1099=EDGE_CURVE('',#872,#873,#211,.T.);
#1100=EDGE_CURVE('',#873,#873,#723,.T.);
#1101=EDGE_CURVE('',#874,#875,#724,.T.);
#1102=EDGE_CURVE('',#875,#876,#212,.T.);
#1103=EDGE_CURVE('',#876,#877,#725,.T.);
#1104=EDGE_CURVE('',#877,#874,#213,.T.);
#1105=EDGE_CURVE('',#878,#879,#214,.T.);
#1106=EDGE_CURVE('',#876,#878,#215,.T.);
#1107=EDGE_CURVE('',#879,#875,#216,.T.);
#1108=EDGE_CURVE('',#879,#880,#726,.T.);
#1109=EDGE_CURVE('',#880,#881,#217,.T.);
#1110=EDGE_CURVE('',#881,#878,#727,.T.);
#1111=EDGE_CURVE('',#882,#883,#218,.T.);
#1112=EDGE_CURVE('',#881,#882,#219,.T.);
#1113=EDGE_CURVE('',#883,#880,#220,.T.);
#1114=EDGE_CURVE('',#883,#861,#728,.T.);
#1115=EDGE_CURVE('',#882,#860,#729,.F.);
#1116=EDGE_CURVE('',#884,#885,#221,.T.);
#1117=EDGE_CURVE('',#874,#884,#222,.T.);
#1118=EDGE_CURVE('',#885,#877,#223,.T.);
#1119=EDGE_CURVE('',#865,#885,#730,.F.);
#1120=EDGE_CURVE('',#864,#884,#731,.T.);
#1121=EDGE_CURVE('',#886,#862,#732,.T.);
#1122=EDGE_CURVE('',#887,#863,#733,.F.);
#1123=EDGE_CURVE('',#887,#886,#224,.T.);
#1124=EDGE_CURVE('',#888,#889,#225,.T.);
#1125=EDGE_CURVE('',#886,#888,#226,.T.);
#1126=EDGE_CURVE('',#889,#887,#227,.T.);
#1127=EDGE_CURVE('',#868,#888,#734,.T.);
#1128=EDGE_CURVE('',#889,#869,#735,.T.);
#1129=EDGE_CURVE('',#890,#866,#736,.T.);
#1130=EDGE_CURVE('',#867,#891,#737,.T.);
#1131=EDGE_CURVE('',#891,#890,#228,.T.);
#1132=EDGE_CURVE('',#892,#893,#229,.T.);
#1133=EDGE_CURVE('',#890,#892,#230,.T.);
#1134=EDGE_CURVE('',#893,#891,#231,.T.);
#1135=EDGE_CURVE('',#858,#893,#738,.F.);
#1136=EDGE_CURVE('',#859,#892,#739,.T.);
#1137=EDGE_CURVE('',#894,#894,#740,.T.);
#1138=EDGE_CURVE('',#894,#857,#232,.T.);
#1139=EDGE_CURVE('',#895,#895,#741,.T.);
#1140=EDGE_CURVE('',#896,#896,#742,.T.);
#1141=EDGE_CURVE('',#896,#895,#233,.T.);
#1142=EDGE_CURVE('',#897,#897,#743,.T.);
#1143=EDGE_CURVE('',#898,#898,#744,.T.);
#1144=EDGE_CURVE('',#898,#897,#234,.T.);
#1145=EDGE_CURVE('',#899,#899,#745,.T.);
#1146=EDGE_CURVE('',#848,#899,#235,.T.);
#1147=EDGE_CURVE('',#900,#901,#236,.T.);
#1148=EDGE_CURVE('',#902,#900,#237,.T.);
#1149=EDGE_CURVE('',#903,#902,#238,.T.);
#1150=EDGE_CURVE('',#901,#903,#239,.T.);
#1151=EDGE_CURVE('',#904,#904,#746,.T.);
#1152=EDGE_CURVE('',#905,#906,#240,.T.);
#1153=EDGE_CURVE('',#905,#907,#241,.T.);
#1154=EDGE_CURVE('',#908,#907,#242,.T.);
#1155=EDGE_CURVE('',#908,#906,#243,.T.);
#1156=EDGE_CURVE('',#909,#909,#105,.T.);
#1157=EDGE_CURVE('',#910,#911,#747,.T.);
#1158=EDGE_CURVE('',#911,#912,#244,.T.);
#1159=EDGE_CURVE('',#912,#913,#748,.T.);
#1160=EDGE_CURVE('',#913,#910,#245,.T.);
#1161=EDGE_CURVE('',#905,#911,#749,.T.);
#1162=EDGE_CURVE('',#912,#906,#750,.T.);
#1163=EDGE_CURVE('',#914,#915,#751,.T.);
#1164=EDGE_CURVE('',#915,#916,#246,.T.);
#1165=EDGE_CURVE('',#916,#917,#752,.T.);
#1166=EDGE_CURVE('',#917,#914,#247,.T.);
#1167=EDGE_CURVE('',#918,#915,#753,.T.);
#1168=EDGE_CURVE('',#919,#918,#248,.T.);
#1169=EDGE_CURVE('',#916,#919,#754,.T.);
#1170=EDGE_CURVE('',#917,#903,#249,.T.);
#1171=EDGE_CURVE('',#902,#914,#250,.T.);
#1172=EDGE_CURVE('',#913,#900,#251,.T.);
#1173=EDGE_CURVE('',#901,#910,#252,.T.);
#1174=EDGE_CURVE('',#904,#920,#253,.T.);
#1175=EDGE_CURVE('',#920,#920,#755,.T.);
#1176=EDGE_CURVE('',#921,#919,#756,.T.);
#1177=EDGE_CURVE('',#918,#922,#757,.T.);
#1178=EDGE_CURVE('',#922,#921,#254,.T.);
#1179=EDGE_CURVE('',#922,#908,#255,.T.);
#1180=EDGE_CURVE('',#907,#921,#256,.T.);
#1181=EDGE_CURVE('',#909,#923,#257,.T.);
#1182=EDGE_CURVE('',#923,#923,#758,.T.);
#1183=ORIENTED_EDGE('',*,*,#924,.F.);
#1184=ORIENTED_EDGE('',*,*,#925,.T.);
#1185=ORIENTED_EDGE('',*,*,#926,.T.);
#1186=ORIENTED_EDGE('',*,*,#927,.T.);
#1187=ORIENTED_EDGE('',*,*,#926,.F.);
#1188=ORIENTED_EDGE('',*,*,#928,.T.);
#1189=ORIENTED_EDGE('',*,*,#929,.T.);
#1190=ORIENTED_EDGE('',*,*,#930,.T.);
#1191=ORIENTED_EDGE('',*,*,#931,.T.);
#1192=ORIENTED_EDGE('',*,*,#929,.F.);
#1193=ORIENTED_EDGE('',*,*,#932,.T.);
#1194=ORIENTED_EDGE('',*,*,#924,.T.);
#1195=ORIENTED_EDGE('',*,*,#933,.T.);
#1196=ORIENTED_EDGE('',*,*,#934,.T.);
#1197=ORIENTED_EDGE('',*,*,#935,.T.);
#1198=ORIENTED_EDGE('',*,*,#936,.T.);
#1199=ORIENTED_EDGE('',*,*,#937,.T.);
#1200=ORIENTED_EDGE('',*,*,#930,.F.);
#1201=ORIENTED_EDGE('',*,*,#938,.T.);
#1202=ORIENTED_EDGE('',*,*,#938,.F.);
#1203=ORIENTED_EDGE('',*,*,#939,.F.);
#1204=ORIENTED_EDGE('',*,*,#940,.F.);
#1205=ORIENTED_EDGE('',*,*,#932,.F.);
#1206=ORIENTED_EDGE('',*,*,#941,.F.);
#1207=ORIENTED_EDGE('',*,*,#942,.T.);
#1208=ORIENTED_EDGE('',*,*,#943,.F.);
#1209=ORIENTED_EDGE('',*,*,#944,.F.);
#1210=ORIENTED_EDGE('',*,*,#945,.T.);
#1211=ORIENTED_EDGE('',*,*,#939,.T.);
#1212=ORIENTED_EDGE('',*,*,#928,.F.);
#1213=ORIENTED_EDGE('',*,*,#946,.T.);
#1214=ORIENTED_EDGE('',*,*,#947,.F.);
#1215=ORIENTED_EDGE('',*,*,#941,.T.);
#1216=ORIENTED_EDGE('',*,*,#946,.F.);
#1217=ORIENTED_EDGE('',*,*,#925,.F.);
#1218=ORIENTED_EDGE('',*,*,#948,.T.);
#1219=ORIENTED_EDGE('',*,*,#935,.F.);
#1220=ORIENTED_EDGE('',*,*,#949,.T.);
#1221=ORIENTED_EDGE('',*,*,#950,.F.);
#1222=ORIENTED_EDGE('',*,*,#948,.F.);
#1223=ORIENTED_EDGE('',*,*,#947,.T.);
#1224=ORIENTED_EDGE('',*,*,#950,.T.);
#1225=ORIENTED_EDGE('',*,*,#951,.T.);
#1226=ORIENTED_EDGE('',*,*,#952,.T.);
#1227=ORIENTED_EDGE('',*,*,#952,.F.);
#1228=ORIENTED_EDGE('',*,*,#953,.T.);
#1229=ORIENTED_EDGE('',*,*,#954,.F.);
#1230=ORIENTED_EDGE('',*,*,#942,.F.);
#1231=ORIENTED_EDGE('',*,*,#955,.T.);
#1232=ORIENTED_EDGE('',*,*,#956,.T.);
#1233=ORIENTED_EDGE('',*,*,#957,.T.);
#1234=ORIENTED_EDGE('',*,*,#958,.T.);
#1235=ORIENTED_EDGE('',*,*,#959,.T.);
#1236=ORIENTED_EDGE('',*,*,#960,.T.);
#1237=ORIENTED_EDGE('',*,*,#957,.F.);
#1238=ORIENTED_EDGE('',*,*,#961,.T.);
#1239=ORIENTED_EDGE('',*,*,#962,.T.);
#1240=ORIENTED_EDGE('',*,*,#963,.T.);
#1241=ORIENTED_EDGE('',*,*,#959,.F.);
#1242=ORIENTED_EDGE('',*,*,#964,.T.);
#1243=ORIENTED_EDGE('',*,*,#931,.F.);
#1244=ORIENTED_EDGE('',*,*,#965,.T.);
#1245=ORIENTED_EDGE('',*,*,#966,.T.);
#1246=ORIENTED_EDGE('',*,*,#964,.F.);
#1247=ORIENTED_EDGE('',*,*,#961,.F.);
#1248=ORIENTED_EDGE('',*,*,#967,.T.);
#1249=ORIENTED_EDGE('',*,*,#927,.F.);
#1250=ORIENTED_EDGE('',*,*,#967,.F.);
#1251=ORIENTED_EDGE('',*,*,#956,.F.);
#1252=ORIENTED_EDGE('',*,*,#968,.T.);
#1253=ORIENTED_EDGE('',*,*,#933,.F.);
#1254=ORIENTED_EDGE('',*,*,#955,.F.);
#1255=ORIENTED_EDGE('',*,*,#969,.F.);
#1256=ORIENTED_EDGE('',*,*,#970,.T.);
#1257=ORIENTED_EDGE('',*,*,#971,.F.);
#1258=ORIENTED_EDGE('',*,*,#972,.T.);
#1259=ORIENTED_EDGE('',*,*,#973,.F.);
#1260=ORIENTED_EDGE('',*,*,#974,.T.);
#1261=ORIENTED_EDGE('',*,*,#975,.F.);
#1262=ORIENTED_EDGE('',*,*,#976,.T.);
#1263=ORIENTED_EDGE('',*,*,#977,.F.);
#1264=ORIENTED_EDGE('',*,*,#978,.T.);
#1265=ORIENTED_EDGE('',*,*,#979,.F.);
#1266=ORIENTED_EDGE('',*,*,#980,.F.);
#1267=ORIENTED_EDGE('',*,*,#953,.F.);
#1268=ORIENTED_EDGE('',*,*,#951,.F.);
#1269=ORIENTED_EDGE('',*,*,#949,.F.);
#1270=ORIENTED_EDGE('',*,*,#934,.F.);
#1271=ORIENTED_EDGE('',*,*,#968,.F.);
#1272=ORIENTED_EDGE('',*,*,#981,.T.);
#1273=ORIENTED_EDGE('',*,*,#982,.T.);
#1274=ORIENTED_EDGE('',*,*,#944,.T.);
#1275=ORIENTED_EDGE('',*,*,#983,.T.);
#1276=ORIENTED_EDGE('',*,*,#984,.T.);
#1277=ORIENTED_EDGE('',*,*,#985,.T.);
#1278=ORIENTED_EDGE('',*,*,#986,.T.);
#1279=ORIENTED_EDGE('',*,*,#983,.F.);
#1280=ORIENTED_EDGE('',*,*,#943,.T.);
#1281=ORIENTED_EDGE('',*,*,#980,.T.);
#1282=ORIENTED_EDGE('',*,*,#987,.T.);
#1283=ORIENTED_EDGE('',*,*,#985,.F.);
#1284=ORIENTED_EDGE('',*,*,#954,.T.);
#1285=ORIENTED_EDGE('',*,*,#963,.F.);
#1286=ORIENTED_EDGE('',*,*,#988,.T.);
#1287=ORIENTED_EDGE('',*,*,#989,.T.);
#1288=ORIENTED_EDGE('',*,*,#990,.T.);
#1289=ORIENTED_EDGE('',*,*,#984,.F.);
#1290=ORIENTED_EDGE('',*,*,#991,.T.);
#1291=ORIENTED_EDGE('',*,*,#992,.T.);
#1292=ORIENTED_EDGE('',*,*,#993,.F.);
#1293=ORIENTED_EDGE('',*,*,#987,.F.);
#1294=ORIENTED_EDGE('',*,*,#979,.T.);
#1295=ORIENTED_EDGE('',*,*,#994,.T.);
#1296=ORIENTED_EDGE('',*,*,#991,.F.);
#1297=ORIENTED_EDGE('',*,*,#986,.F.);
#1298=ORIENTED_EDGE('',*,*,#960,.F.);
#1299=ORIENTED_EDGE('',*,*,#990,.F.);
#1300=ORIENTED_EDGE('',*,*,#995,.T.);
#1301=ORIENTED_EDGE('',*,*,#969,.T.);
#1302=ORIENTED_EDGE('',*,*,#958,.F.);
#1303=ORIENTED_EDGE('',*,*,#937,.F.);
#1304=ORIENTED_EDGE('',*,*,#996,.T.);
#1305=ORIENTED_EDGE('',*,*,#965,.F.);
#1306=ORIENTED_EDGE('',*,*,#940,.T.);
#1307=ORIENTED_EDGE('',*,*,#945,.F.);
#1308=ORIENTED_EDGE('',*,*,#982,.F.);
#1309=ORIENTED_EDGE('',*,*,#993,.T.);
#1310=ORIENTED_EDGE('',*,*,#997,.T.);
#1311=ORIENTED_EDGE('',*,*,#998,.F.);
#1312=ORIENTED_EDGE('',*,*,#999,.T.);
#1313=ORIENTED_EDGE('',*,*,#1000,.F.);
#1314=ORIENTED_EDGE('',*,*,#1001,.T.);
#1315=ORIENTED_EDGE('',*,*,#1002,.F.);
#1316=ORIENTED_EDGE('',*,*,#1003,.T.);
#1317=ORIENTED_EDGE('',*,*,#1004,.F.);
#1318=ORIENTED_EDGE('',*,*,#1005,.F.);
#1319=ORIENTED_EDGE('',*,*,#988,.F.);
#1320=ORIENTED_EDGE('',*,*,#962,.F.);
#1321=ORIENTED_EDGE('',*,*,#966,.F.);
#1322=ORIENTED_EDGE('',*,*,#996,.F.);
#1323=ORIENTED_EDGE('',*,*,#936,.F.);
#1324=ORIENTED_EDGE('',*,*,#1006,.T.);
#1325=ORIENTED_EDGE('',*,*,#989,.F.);
#1326=ORIENTED_EDGE('',*,*,#1005,.T.);
#1327=ORIENTED_EDGE('',*,*,#1007,.F.);
#1328=ORIENTED_EDGE('',*,*,#970,.F.);
#1329=ORIENTED_EDGE('',*,*,#995,.F.);
#1330=ORIENTED_EDGE('',*,*,#1008,.F.);
#1331=ORIENTED_EDGE('',*,*,#999,.F.);
#1332=ORIENTED_EDGE('',*,*,#1009,.F.);
#1333=ORIENTED_EDGE('',*,*,#976,.F.);
#1334=ORIENTED_EDGE('',*,*,#992,.F.);
#1335=ORIENTED_EDGE('',*,*,#994,.F.);
#1336=ORIENTED_EDGE('',*,*,#978,.F.);
#1337=ORIENTED_EDGE('',*,*,#1010,.F.);
#1338=ORIENTED_EDGE('',*,*,#997,.F.);
#1339=ORIENTED_EDGE('',*,*,#998,.T.);
#1340=ORIENTED_EDGE('',*,*,#1010,.T.);
#1341=ORIENTED_EDGE('',*,*,#977,.T.);
#1342=ORIENTED_EDGE('',*,*,#1009,.T.);
#1343=ORIENTED_EDGE('',*,*,#975,.T.);
#1344=ORIENTED_EDGE('',*,*,#1011,.T.);
#1345=ORIENTED_EDGE('',*,*,#1000,.T.);
#1346=ORIENTED_EDGE('',*,*,#1008,.T.);
#1347=ORIENTED_EDGE('',*,*,#1012,.F.);
#1348=ORIENTED_EDGE('',*,*,#1001,.F.);
#1349=ORIENTED_EDGE('',*,*,#1011,.F.);
#1350=ORIENTED_EDGE('',*,*,#974,.F.);
#1351=ORIENTED_EDGE('',*,*,#973,.T.);
#1352=ORIENTED_EDGE('',*,*,#1013,.T.);
#1353=ORIENTED_EDGE('',*,*,#1002,.T.);
#1354=ORIENTED_EDGE('',*,*,#1012,.T.);
#1355=ORIENTED_EDGE('',*,*,#1014,.F.);
#1356=ORIENTED_EDGE('',*,*,#1003,.F.);
#1357=ORIENTED_EDGE('',*,*,#1013,.F.);
#1358=ORIENTED_EDGE('',*,*,#972,.F.);
#1359=ORIENTED_EDGE('',*,*,#1004,.T.);
#1360=ORIENTED_EDGE('',*,*,#1014,.T.);
#1361=ORIENTED_EDGE('',*,*,#971,.T.);
#1362=ORIENTED_EDGE('',*,*,#1007,.T.);
#1363=ORIENTED_EDGE('',*,*,#1015,.T.);
#1364=ORIENTED_EDGE('',*,*,#1016,.F.);
#1365=ORIENTED_EDGE('',*,*,#1017,.F.);
#1366=ORIENTED_EDGE('',*,*,#1006,.F.);
#1367=ORIENTED_EDGE('',*,*,#1018,.T.);
#1368=ORIENTED_EDGE('',*,*,#1016,.T.);
#1369=ORIENTED_EDGE('',*,*,#1019,.T.);
#1370=ORIENTED_EDGE('',*,*,#1020,.T.);
#1371=ORIENTED_EDGE('',*,*,#1021,.F.);
#1372=ORIENTED_EDGE('',*,*,#1022,.T.);
#1373=ORIENTED_EDGE('',*,*,#1023,.T.);
#1374=ORIENTED_EDGE('',*,*,#1024,.T.);
#1375=ORIENTED_EDGE('',*,*,#1025,.F.);
#1376=ORIENTED_EDGE('',*,*,#1017,.T.);
#1377=ORIENTED_EDGE('',*,*,#1018,.F.);
#1378=ORIENTED_EDGE('',*,*,#1026,.T.);
#1379=ORIENTED_EDGE('',*,*,#1022,.F.);
#1380=ORIENTED_EDGE('',*,*,#1027,.T.);
#1381=ORIENTED_EDGE('',*,*,#1028,.F.);
#1382=ORIENTED_EDGE('',*,*,#1020,.F.);
#1383=ORIENTED_EDGE('',*,*,#1029,.F.);
#1384=ORIENTED_EDGE('',*,*,#1026,.F.);
#1385=ORIENTED_EDGE('',*,*,#1021,.T.);
#1386=ORIENTED_EDGE('',*,*,#1028,.T.);
#1387=ORIENTED_EDGE('',*,*,#1030,.T.);
#1388=ORIENTED_EDGE('',*,*,#1031,.T.);
#1389=ORIENTED_EDGE('',*,*,#1032,.T.);
#1390=ORIENTED_EDGE('',*,*,#1033,.F.);
#1391=ORIENTED_EDGE('',*,*,#1034,.T.);
#1392=ORIENTED_EDGE('',*,*,#1023,.F.);
#1393=ORIENTED_EDGE('',*,*,#1029,.T.);
#1394=ORIENTED_EDGE('',*,*,#1019,.F.);
#1395=ORIENTED_EDGE('',*,*,#1015,.F.);
#1396=ORIENTED_EDGE('',*,*,#1025,.T.);
#1397=ORIENTED_EDGE('',*,*,#1035,.T.);
#1398=ORIENTED_EDGE('',*,*,#1036,.T.);
#1399=ORIENTED_EDGE('',*,*,#1037,.T.);
#1400=ORIENTED_EDGE('',*,*,#1038,.T.);
#1401=ORIENTED_EDGE('',*,*,#1039,.F.);
#1402=ORIENTED_EDGE('',*,*,#1040,.T.);
#1403=ORIENTED_EDGE('',*,*,#1035,.F.);
#1404=ORIENTED_EDGE('',*,*,#1024,.F.);
#1405=ORIENTED_EDGE('',*,*,#1034,.F.);
#1406=ORIENTED_EDGE('',*,*,#1032,.F.);
#1407=ORIENTED_EDGE('',*,*,#1041,.F.);
#1408=ORIENTED_EDGE('',*,*,#1042,.F.);
#1409=ORIENTED_EDGE('',*,*,#1037,.F.);
#1410=ORIENTED_EDGE('',*,*,#1043,.F.);
#1411=ORIENTED_EDGE('',*,*,#1044,.F.);
#1412=ORIENTED_EDGE('',*,*,#1031,.F.);
#1413=ORIENTED_EDGE('',*,*,#1045,.F.);
#1414=ORIENTED_EDGE('',*,*,#1046,.F.);
#1415=ORIENTED_EDGE('',*,*,#1047,.F.);
#1416=ORIENTED_EDGE('',*,*,#1038,.F.);
#1417=ORIENTED_EDGE('',*,*,#1048,.F.);
#1418=ORIENTED_EDGE('',*,*,#1027,.F.);
#1419=ORIENTED_EDGE('',*,*,#1039,.T.);
#1420=ORIENTED_EDGE('',*,*,#1047,.T.);
#1421=ORIENTED_EDGE('',*,*,#1045,.T.);
#1422=ORIENTED_EDGE('',*,*,#1030,.F.);
#1423=ORIENTED_EDGE('',*,*,#1040,.F.);
#1424=ORIENTED_EDGE('',*,*,#1033,.T.);
#1425=ORIENTED_EDGE('',*,*,#1042,.T.);
#1426=ORIENTED_EDGE('',*,*,#1043,.T.);
#1427=ORIENTED_EDGE('',*,*,#1036,.F.);
#1428=ORIENTED_EDGE('',*,*,#1041,.T.);
#1429=ORIENTED_EDGE('',*,*,#1046,.T.);
#1430=ORIENTED_EDGE('',*,*,#1048,.T.);
#1431=ORIENTED_EDGE('',*,*,#1049,.T.);
#1432=ORIENTED_EDGE('',*,*,#981,.F.);
#1433=ORIENTED_EDGE('',*,*,#1049,.F.);
#1434=ORIENTED_EDGE('',*,*,#1044,.T.);
#1435=ORIENTED_EDGE('',*,*,#1050,.F.);
#1436=ORIENTED_EDGE('',*,*,#1051,.T.);
#1437=ORIENTED_EDGE('',*,*,#1052,.T.);
#1438=ORIENTED_EDGE('',*,*,#1053,.T.);
#1439=ORIENTED_EDGE('',*,*,#1054,.F.);
#1440=ORIENTED_EDGE('',*,*,#1055,.F.);
#1441=ORIENTED_EDGE('',*,*,#1056,.F.);
#1442=ORIENTED_EDGE('',*,*,#1057,.F.);
#1443=ORIENTED_EDGE('',*,*,#1058,.F.);
#1444=ORIENTED_EDGE('',*,*,#1059,.T.);
#1445=ORIENTED_EDGE('',*,*,#1060,.T.);
#1446=ORIENTED_EDGE('',*,*,#1055,.T.);
#1447=ORIENTED_EDGE('',*,*,#1061,.F.);
#1448=ORIENTED_EDGE('',*,*,#1062,.F.);
#1449=ORIENTED_EDGE('',*,*,#1063,.F.);
#1450=ORIENTED_EDGE('',*,*,#1060,.F.);
#1451=ORIENTED_EDGE('',*,*,#1064,.F.);
#1452=ORIENTED_EDGE('',*,*,#1053,.F.);
#1453=ORIENTED_EDGE('',*,*,#1065,.F.);
#1454=ORIENTED_EDGE('',*,*,#1066,.F.);
#1455=ORIENTED_EDGE('',*,*,#1067,.F.);
#1456=ORIENTED_EDGE('',*,*,#1052,.F.);
#1457=ORIENTED_EDGE('',*,*,#1050,.T.);
#1458=ORIENTED_EDGE('',*,*,#1068,.F.);
#1459=ORIENTED_EDGE('',*,*,#1069,.F.);
#1460=ORIENTED_EDGE('',*,*,#1070,.F.);
#1461=ORIENTED_EDGE('',*,*,#1071,.T.);
#1462=ORIENTED_EDGE('',*,*,#1072,.F.);
#1463=ORIENTED_EDGE('',*,*,#1073,.F.);
#1464=ORIENTED_EDGE('',*,*,#1074,.T.);
#1465=ORIENTED_EDGE('',*,*,#1068,.T.);
#1466=ORIENTED_EDGE('',*,*,#1054,.T.);
#1467=ORIENTED_EDGE('',*,*,#1064,.T.);
#1468=ORIENTED_EDGE('',*,*,#1062,.T.);
#1469=ORIENTED_EDGE('',*,*,#1059,.F.);
#1470=ORIENTED_EDGE('',*,*,#1075,.F.);
#1471=ORIENTED_EDGE('',*,*,#1076,.T.);
#1472=ORIENTED_EDGE('',*,*,#1077,.T.);
#1473=ORIENTED_EDGE('',*,*,#1061,.T.);
#1474=ORIENTED_EDGE('',*,*,#1057,.T.);
#1475=ORIENTED_EDGE('',*,*,#1066,.T.);
#1476=ORIENTED_EDGE('',*,*,#1051,.F.);
#1477=ORIENTED_EDGE('',*,*,#1070,.T.);
#1478=ORIENTED_EDGE('',*,*,#1078,.F.);
#1479=ORIENTED_EDGE('',*,*,#1058,.T.);
#1480=ORIENTED_EDGE('',*,*,#1077,.F.);
#1481=ORIENTED_EDGE('',*,*,#1079,.F.);
#1482=ORIENTED_EDGE('',*,*,#1071,.F.);
#1483=ORIENTED_EDGE('',*,*,#1075,.T.);
#1484=ORIENTED_EDGE('',*,*,#1080,.F.);
#1485=ORIENTED_EDGE('',*,*,#1073,.T.);
#1486=ORIENTED_EDGE('',*,*,#1081,.F.);
#1487=ORIENTED_EDGE('',*,*,#1082,.F.);
#1488=ORIENTED_EDGE('',*,*,#1083,.F.);
#1489=ORIENTED_EDGE('',*,*,#1084,.T.);
#1490=ORIENTED_EDGE('',*,*,#1085,.F.);
#1491=ORIENTED_EDGE('',*,*,#1086,.F.);
#1492=ORIENTED_EDGE('',*,*,#1087,.F.);
#1493=ORIENTED_EDGE('',*,*,#1088,.F.);
#1494=ORIENTED_EDGE('',*,*,#1089,.F.);
#1495=ORIENTED_EDGE('',*,*,#1090,.T.);
#1496=ORIENTED_EDGE('',*,*,#1091,.F.);
#1497=ORIENTED_EDGE('',*,*,#1092,.F.);
#1498=ORIENTED_EDGE('',*,*,#1093,.F.);
#1499=ORIENTED_EDGE('',*,*,#1094,.F.);
#1500=ORIENTED_EDGE('',*,*,#1095,.F.);
#1501=ORIENTED_EDGE('',*,*,#1096,.T.);
#1502=ORIENTED_EDGE('',*,*,#1097,.T.);
#1503=ORIENTED_EDGE('',*,*,#1096,.F.);
#1504=ORIENTED_EDGE('',*,*,#1098,.F.);
#1505=ORIENTED_EDGE('',*,*,#1099,.T.);
#1506=ORIENTED_EDGE('',*,*,#1100,.T.);
#1507=ORIENTED_EDGE('',*,*,#1099,.F.);
#1508=ORIENTED_EDGE('',*,*,#1101,.T.);
#1509=ORIENTED_EDGE('',*,*,#1102,.T.);
#1510=ORIENTED_EDGE('',*,*,#1103,.T.);
#1511=ORIENTED_EDGE('',*,*,#1104,.T.);
#1512=ORIENTED_EDGE('',*,*,#1105,.F.);
#1513=ORIENTED_EDGE('',*,*,#1106,.F.);
#1514=ORIENTED_EDGE('',*,*,#1102,.F.);
#1515=ORIENTED_EDGE('',*,*,#1107,.F.);
#1516=ORIENTED_EDGE('',*,*,#1108,.T.);
#1517=ORIENTED_EDGE('',*,*,#1109,.T.);
#1518=ORIENTED_EDGE('',*,*,#1110,.T.);
#1519=ORIENTED_EDGE('',*,*,#1105,.T.);
#1520=ORIENTED_EDGE('',*,*,#1111,.F.);
#1521=ORIENTED_EDGE('',*,*,#1112,.F.);
#1522=ORIENTED_EDGE('',*,*,#1109,.F.);
#1523=ORIENTED_EDGE('',*,*,#1113,.F.);
#1524=ORIENTED_EDGE('',*,*,#1114,.T.);
#1525=ORIENTED_EDGE('',*,*,#1085,.T.);
#1526=ORIENTED_EDGE('',*,*,#1115,.F.);
#1527=ORIENTED_EDGE('',*,*,#1111,.T.);
#1528=ORIENTED_EDGE('',*,*,#1116,.F.);
#1529=ORIENTED_EDGE('',*,*,#1117,.F.);
#1530=ORIENTED_EDGE('',*,*,#1104,.F.);
#1531=ORIENTED_EDGE('',*,*,#1118,.F.);
#1532=ORIENTED_EDGE('',*,*,#1119,.F.);
#1533=ORIENTED_EDGE('',*,*,#1089,.T.);
#1534=ORIENTED_EDGE('',*,*,#1120,.T.);
#1535=ORIENTED_EDGE('',*,*,#1116,.T.);
#1536=ORIENTED_EDGE('',*,*,#1121,.T.);
#1537=ORIENTED_EDGE('',*,*,#1087,.T.);
#1538=ORIENTED_EDGE('',*,*,#1122,.F.);
#1539=ORIENTED_EDGE('',*,*,#1123,.T.);
#1540=ORIENTED_EDGE('',*,*,#1124,.F.);
#1541=ORIENTED_EDGE('',*,*,#1125,.F.);
#1542=ORIENTED_EDGE('',*,*,#1123,.F.);
#1543=ORIENTED_EDGE('',*,*,#1126,.F.);
#1544=ORIENTED_EDGE('',*,*,#1127,.T.);
#1545=ORIENTED_EDGE('',*,*,#1124,.T.);
#1546=ORIENTED_EDGE('',*,*,#1128,.T.);
#1547=ORIENTED_EDGE('',*,*,#1093,.T.);
#1548=ORIENTED_EDGE('',*,*,#1129,.T.);
#1549=ORIENTED_EDGE('',*,*,#1091,.T.);
#1550=ORIENTED_EDGE('',*,*,#1130,.T.);
#1551=ORIENTED_EDGE('',*,*,#1131,.T.);
#1552=ORIENTED_EDGE('',*,*,#1132,.F.);
#1553=ORIENTED_EDGE('',*,*,#1133,.F.);
#1554=ORIENTED_EDGE('',*,*,#1131,.F.);
#1555=ORIENTED_EDGE('',*,*,#1134,.F.);
#1556=ORIENTED_EDGE('',*,*,#1135,.F.);
#1557=ORIENTED_EDGE('',*,*,#1083,.T.);
#1558=ORIENTED_EDGE('',*,*,#1136,.T.);
#1559=ORIENTED_EDGE('',*,*,#1132,.T.);
#1560=ORIENTED_EDGE('',*,*,#1129,.F.);
#1561=ORIENTED_EDGE('',*,*,#1133,.T.);
#1562=ORIENTED_EDGE('',*,*,#1136,.F.);
#1563=ORIENTED_EDGE('',*,*,#1086,.T.);
#1564=ORIENTED_EDGE('',*,*,#1114,.F.);
#1565=ORIENTED_EDGE('',*,*,#1113,.T.);
#1566=ORIENTED_EDGE('',*,*,#1108,.F.);
#1567=ORIENTED_EDGE('',*,*,#1107,.T.);
#1568=ORIENTED_EDGE('',*,*,#1101,.F.);
#1569=ORIENTED_EDGE('',*,*,#1117,.T.);
#1570=ORIENTED_EDGE('',*,*,#1120,.F.);
#1571=ORIENTED_EDGE('',*,*,#1088,.T.);
#1572=ORIENTED_EDGE('',*,*,#1121,.F.);
#1573=ORIENTED_EDGE('',*,*,#1125,.T.);
#1574=ORIENTED_EDGE('',*,*,#1127,.F.);
#1575=ORIENTED_EDGE('',*,*,#1092,.T.);
#1576=ORIENTED_EDGE('',*,*,#1098,.T.);
#1577=ORIENTED_EDGE('',*,*,#1095,.T.);
#1578=ORIENTED_EDGE('',*,*,#1137,.T.);
#1579=ORIENTED_EDGE('',*,*,#1137,.F.);
#1580=ORIENTED_EDGE('',*,*,#1138,.T.);
#1581=ORIENTED_EDGE('',*,*,#1081,.T.);
#1582=ORIENTED_EDGE('',*,*,#1072,.T.);
#1583=ORIENTED_EDGE('',*,*,#1079,.T.);
#1584=ORIENTED_EDGE('',*,*,#1076,.F.);
#1585=ORIENTED_EDGE('',*,*,#1080,.T.);
#1586=ORIENTED_EDGE('',*,*,#1078,.T.);
#1587=ORIENTED_EDGE('',*,*,#1069,.T.);
#1588=ORIENTED_EDGE('',*,*,#1074,.F.);
#1589=ORIENTED_EDGE('',*,*,#1082,.T.);
#1590=ORIENTED_EDGE('',*,*,#1138,.F.);
#1591=ORIENTED_EDGE('',*,*,#1139,.F.);
#1592=ORIENTED_EDGE('',*,*,#1100,.F.);
#1593=ORIENTED_EDGE('',*,*,#1140,.F.);
#1594=ORIENTED_EDGE('',*,*,#1141,.T.);
#1595=ORIENTED_EDGE('',*,*,#1139,.T.);
#1596=ORIENTED_EDGE('',*,*,#1141,.F.);
#1597=ORIENTED_EDGE('',*,*,#1142,.F.);
#1598=ORIENTED_EDGE('',*,*,#1097,.F.);
#1599=ORIENTED_EDGE('',*,*,#1143,.F.);
#1600=ORIENTED_EDGE('',*,*,#1144,.T.);
#1601=ORIENTED_EDGE('',*,*,#1142,.T.);
#1602=ORIENTED_EDGE('',*,*,#1144,.F.);
#1603=ORIENTED_EDGE('',*,*,#1130,.F.);
#1604=ORIENTED_EDGE('',*,*,#1094,.T.);
#1605=ORIENTED_EDGE('',*,*,#1128,.F.);
#1606=ORIENTED_EDGE('',*,*,#1126,.T.);
#1607=ORIENTED_EDGE('',*,*,#1122,.T.);
#1608=ORIENTED_EDGE('',*,*,#1090,.F.);
#1609=ORIENTED_EDGE('',*,*,#1119,.T.);
#1610=ORIENTED_EDGE('',*,*,#1118,.T.);
#1611=ORIENTED_EDGE('',*,*,#1103,.F.);
#1612=ORIENTED_EDGE('',*,*,#1106,.T.);
#1613=ORIENTED_EDGE('',*,*,#1110,.F.);
#1614=ORIENTED_EDGE('',*,*,#1112,.T.);
#1615=ORIENTED_EDGE('',*,*,#1115,.T.);
#1616=ORIENTED_EDGE('',*,*,#1084,.F.);
#1617=ORIENTED_EDGE('',*,*,#1135,.T.);
#1618=ORIENTED_EDGE('',*,*,#1134,.T.);
#1619=ORIENTED_EDGE('',*,*,#1145,.T.);
#1620=ORIENTED_EDGE('',*,*,#1140,.T.);
#1621=ORIENTED_EDGE('',*,*,#1143,.T.);
#1622=ORIENTED_EDGE('',*,*,#1067,.T.);
#1623=ORIENTED_EDGE('',*,*,#1056,.T.);
#1624=ORIENTED_EDGE('',*,*,#1063,.T.);
#1625=ORIENTED_EDGE('',*,*,#1146,.T.);
#1626=ORIENTED_EDGE('',*,*,#1145,.F.);
#1627=ORIENTED_EDGE('',*,*,#1146,.F.);
#1628=ORIENTED_EDGE('',*,*,#1065,.T.);
#1629=ORIENTED_EDGE('',*,*,#1147,.F.);
#1630=ORIENTED_EDGE('',*,*,#1148,.F.);
#1631=ORIENTED_EDGE('',*,*,#1149,.F.);
#1632=ORIENTED_EDGE('',*,*,#1150,.F.);
#1633=ORIENTED_EDGE('',*,*,#1151,.F.);
#1634=ORIENTED_EDGE('',*,*,#1152,.F.);
#1635=ORIENTED_EDGE('',*,*,#1153,.T.);
#1636=ORIENTED_EDGE('',*,*,#1154,.F.);
#1637=ORIENTED_EDGE('',*,*,#1155,.T.);
#1638=ORIENTED_EDGE('',*,*,#1156,.F.);
#1639=ORIENTED_EDGE('',*,*,#1157,.T.);
#1640=ORIENTED_EDGE('',*,*,#1158,.T.);
#1641=ORIENTED_EDGE('',*,*,#1159,.T.);
#1642=ORIENTED_EDGE('',*,*,#1160,.T.);
#1643=ORIENTED_EDGE('',*,*,#1158,.F.);
#1644=ORIENTED_EDGE('',*,*,#1161,.F.);
#1645=ORIENTED_EDGE('',*,*,#1152,.T.);
#1646=ORIENTED_EDGE('',*,*,#1162,.F.);
#1647=ORIENTED_EDGE('',*,*,#1163,.T.);
#1648=ORIENTED_EDGE('',*,*,#1164,.T.);
#1649=ORIENTED_EDGE('',*,*,#1165,.T.);
#1650=ORIENTED_EDGE('',*,*,#1166,.T.);
#1651=ORIENTED_EDGE('',*,*,#1164,.F.);
#1652=ORIENTED_EDGE('',*,*,#1167,.F.);
#1653=ORIENTED_EDGE('',*,*,#1168,.F.);
#1654=ORIENTED_EDGE('',*,*,#1169,.F.);
#1655=ORIENTED_EDGE('',*,*,#1166,.F.);
#1656=ORIENTED_EDGE('',*,*,#1170,.T.);
#1657=ORIENTED_EDGE('',*,*,#1149,.T.);
#1658=ORIENTED_EDGE('',*,*,#1171,.T.);
#1659=ORIENTED_EDGE('',*,*,#1160,.F.);
#1660=ORIENTED_EDGE('',*,*,#1172,.T.);
#1661=ORIENTED_EDGE('',*,*,#1147,.T.);
#1662=ORIENTED_EDGE('',*,*,#1173,.T.);
#1663=ORIENTED_EDGE('',*,*,#1151,.T.);
#1664=ORIENTED_EDGE('',*,*,#1174,.T.);
#1665=ORIENTED_EDGE('',*,*,#1175,.T.);
#1666=ORIENTED_EDGE('',*,*,#1174,.F.);
#1667=ORIENTED_EDGE('',*,*,#1175,.F.);
#1668=ORIENTED_EDGE('',*,*,#1176,.T.);
#1669=ORIENTED_EDGE('',*,*,#1168,.T.);
#1670=ORIENTED_EDGE('',*,*,#1177,.T.);
#1671=ORIENTED_EDGE('',*,*,#1178,.T.);
#1672=ORIENTED_EDGE('',*,*,#1178,.F.);
#1673=ORIENTED_EDGE('',*,*,#1179,.T.);
#1674=ORIENTED_EDGE('',*,*,#1154,.T.);
#1675=ORIENTED_EDGE('',*,*,#1180,.T.);
#1676=ORIENTED_EDGE('',*,*,#1156,.T.);
#1677=ORIENTED_EDGE('',*,*,#1181,.T.);
#1678=ORIENTED_EDGE('',*,*,#1182,.T.);
#1679=ORIENTED_EDGE('',*,*,#1181,.F.);
#1680=ORIENTED_EDGE('',*,*,#1182,.F.);
#1681=ORIENTED_EDGE('',*,*,#1155,.F.);
#1682=ORIENTED_EDGE('',*,*,#1179,.F.);
#1683=ORIENTED_EDGE('',*,*,#1177,.F.);
#1684=ORIENTED_EDGE('',*,*,#1167,.T.);
#1685=ORIENTED_EDGE('',*,*,#1163,.F.);
#1686=ORIENTED_EDGE('',*,*,#1171,.F.);
#1687=ORIENTED_EDGE('',*,*,#1148,.T.);
#1688=ORIENTED_EDGE('',*,*,#1172,.F.);
#1689=ORIENTED_EDGE('',*,*,#1159,.F.);
#1690=ORIENTED_EDGE('',*,*,#1162,.T.);
#1691=ORIENTED_EDGE('',*,*,#1153,.F.);
#1692=ORIENTED_EDGE('',*,*,#1161,.T.);
#1693=ORIENTED_EDGE('',*,*,#1157,.F.);
#1694=ORIENTED_EDGE('',*,*,#1173,.F.);
#1695=ORIENTED_EDGE('',*,*,#1150,.T.);
#1696=ORIENTED_EDGE('',*,*,#1170,.F.);
#1697=ORIENTED_EDGE('',*,*,#1165,.F.);
#1698=ORIENTED_EDGE('',*,*,#1169,.T.);
#1699=ORIENTED_EDGE('',*,*,#1176,.F.);
#1700=ORIENTED_EDGE('',*,*,#1180,.F.);
#1701=B_SPLINE_SURFACE_WITH_KNOTS('',3,3,((#2559,#2560,#2561,#2562),(#2563,
#2564,#2565,#2566),(#2567,#2568,#2569,#2570),(#2571,#2572,#2573,#2574),
(#2575,#2576,#2577,#2578)),.UNSPECIFIED.,.F.,.F.,.F.,(4,1,4),(4,4),(0.,
0.5,1.),(0.,0.468738559469128),.UNSPECIFIED.);
#1702=B_SPLINE_SURFACE_WITH_KNOTS('',3,3,((#2597,#2598,#2599,#2600,#2601,
#2602),(#2603,#2604,#2605,#2606,#2607,#2608),(#2609,#2610,#2611,#2612,#2613,
#2614),(#2615,#2616,#2617,#2618,#2619,#2620),(#2621,#2622,#2623,#2624,#2625,
#2626),(#2627,#2628,#2629,#2630,#2631,#2632),(#2633,#2634,#2635,#2636,#2637,
#2638)),.UNSPECIFIED.,.F.,.F.,.F.,(4,1,1,1,4),(4,1,1,4),(0.,0.285714285714286,
0.571428571428571,0.857142857142857,1.),(0.,0.635661660039824,0.874034782554758,
1.11240790506969),.UNSPECIFIED.);
#1703=B_SPLINE_SURFACE_WITH_KNOTS('',3,3,((#2687,#2688,#2689,#2690),(#2691,
#2692,#2693,#2694),(#2695,#2696,#2697,#2698),(#2699,#2700,#2701,#2702),
(#2703,#2704,#2705,#2706)),.UNSPECIFIED.,.F.,.F.,.F.,(4,1,4),(4,4),(0.,
0.5,1.),(0.975735120151052,1.44447546525014),.UNSPECIFIED.);
#1704=B_SPLINE_SURFACE_WITH_KNOTS('',3,3,((#2736,#2737,#2738,#2739),(#2740,
#2741,#2742,#2743),(#2744,#2745,#2746,#2747),(#2748,#2749,#2750,#2751),
(#2752,#2753,#2754,#2755)),.UNSPECIFIED.,.F.,.F.,.F.,(4,1,4),(4,4),(0.,
0.571428571428571,1.),(-0.576827621608995,-0.277540359597955),
 .UNSPECIFIED.);
#1705=B_SPLINE_SURFACE_WITH_KNOTS('',3,3,((#2761,#2762,#2763,#2764,#2765),
(#2766,#2767,#2768,#2769,#2770),(#2771,#2772,#2773,#2774,#2775),(#2776,
#2777,#2778,#2779,#2780),(#2781,#2782,#2783,#2784,#2785)),.UNSPECIFIED.,
 .F.,.F.,.F.,(4,1,4),(4,1,4),(0.,0.571428571428571,1.),(7.13113774500546E-16,
0.0304443111052285,0.071036725912199),.UNSPECIFIED.);
#1706=B_SPLINE_SURFACE_WITH_KNOTS('',3,3,((#2839,#2840,#2841,#2842,#2843),
(#2844,#2845,#2846,#2847,#2848),(#2849,#2850,#2851,#2852,#2853),(#2854,
#2855,#2856,#2857,#2858),(#2859,#2860,#2861,#2862,#2863)),.UNSPECIFIED.,
 .F.,.F.,.F.,(4,1,4),(4,1,4),(0.,0.571428571428571,1.),(-5.55111512312578E-16,
0.0304443111052276,0.0710367259121985),.UNSPECIFIED.);
#1707=B_SPLINE_SURFACE_WITH_KNOTS('',3,3,((#2880,#2881,#2882,#2883),(#2884,
#2885,#2886,#2887),(#2888,#2889,#2890,#2891),(#2892,#2893,#2894,#2895),
(#2896,#2897,#2898,#2899)),.UNSPECIFIED.,.F.,.F.,.F.,(4,1,4),(4,4),(0.,
0.571428571428571,1.),(0.277540359597952,0.576827621608988),
 .UNSPECIFIED.);
#1708=ADVANCED_FACE('',(#450),#1701,.T.);
#1709=ADVANCED_FACE('',(#451),#449,.F.);
#1710=ADVANCED_FACE('',(#452),#1702,.T.);
#1711=ADVANCED_FACE('',(#453),#410,.F.);
#1712=ADVANCED_FACE('',(#454),#411,.F.);
#1713=ADVANCED_FACE('',(#455),#31,.T.);
#1714=ADVANCED_FACE('',(#456),#412,.T.);
#1715=ADVANCED_FACE('',(#457),#1703,.T.);
#1716=ADVANCED_FACE('',(#458),#413,.T.);
#1717=ADVANCED_FACE('',(#459),#32,.T.);
#1718=ADVANCED_FACE('',(#460),#414,.F.);
#1719=ADVANCED_FACE('',(#461),#33,.T.);
#1720=ADVANCED_FACE('',(#462),#415,.T.);
#1721=ADVANCED_FACE('',(#463),#1704,.F.);
#1722=ADVANCED_FACE('',(#464),#1705,.F.);
#1723=ADVANCED_FACE('',(#465),#416,.T.);
#1724=ADVANCED_FACE('',(#466),#34,.T.);
#1725=ADVANCED_FACE('',(#467,#19),#35,.T.);
#1726=ADVANCED_FACE('',(#468),#1706,.F.);
#1727=ADVANCED_FACE('',(#469),#1707,.F.);
#1728=ADVANCED_FACE('',(#470),#417,.T.);
#1729=ADVANCED_FACE('',(#471),#418,.T.);
#1730=ADVANCED_FACE('',(#472),#419,.T.);
#1731=ADVANCED_FACE('',(#473),#36,.T.);
#1732=ADVANCED_FACE('',(#474),#37,.T.);
#1733=ADVANCED_FACE('',(#475),#38,.T.);
#1734=ADVANCED_FACE('',(#476,#20),#39,.F.);
#1735=ADVANCED_FACE('',(#477),#40,.T.);
#1736=ADVANCED_FACE('',(#478),#41,.T.);
#1737=ADVANCED_FACE('',(#479),#42,.T.);
#1738=ADVANCED_FACE('',(#480),#420,.F.);
#1739=ADVANCED_FACE('',(#481),#421,.T.);
#1740=ADVANCED_FACE('',(#482),#43,.T.);
#1741=ADVANCED_FACE('',(#483),#422,.T.);
#1742=ADVANCED_FACE('',(#484),#44,.T.);
#1743=ADVANCED_FACE('',(#485),#423,.F.);
#1744=ADVANCED_FACE('',(#486),#45,.T.);
#1745=ADVANCED_FACE('',(#487),#424,.F.);
#1746=ADVANCED_FACE('',(#488),#46,.T.);
#1747=ADVANCED_FACE('',(#489),#47,.T.);
#1748=ADVANCED_FACE('',(#490),#48,.F.);
#1749=ADVANCED_FACE('',(#491),#49,.F.);
#1750=ADVANCED_FACE('',(#492),#50,.T.);
#1751=ADVANCED_FACE('',(#493),#51,.T.);
#1752=ADVANCED_FACE('',(#494),#52,.T.);
#1753=ADVANCED_FACE('',(#495),#53,.T.);
#1754=ADVANCED_FACE('',(#496),#54,.T.);
#1755=ADVANCED_FACE('',(#497),#55,.F.);
#1756=ADVANCED_FACE('',(#498),#56,.F.);
#1757=ADVANCED_FACE('',(#499),#425,.F.);
#1758=ADVANCED_FACE('',(#500),#57,.F.);
#1759=ADVANCED_FACE('',(#501),#58,.T.);
#1760=ADVANCED_FACE('',(#502),#59,.F.);
#1761=ADVANCED_FACE('',(#503),#60,.T.);
#1762=ADVANCED_FACE('',(#504),#61,.T.);
#1763=ADVANCED_FACE('',(#505),#62,.T.);
#1764=ADVANCED_FACE('',(#506),#63,.T.);
#1765=ADVANCED_FACE('',(#507),#64,.F.);
#1766=ADVANCED_FACE('',(#508),#65,.F.);
#1767=ADVANCED_FACE('',(#509),#66,.T.);
#1768=ADVANCED_FACE('',(#510),#67,.T.);
#1769=ADVANCED_FACE('',(#511),#68,.T.);
#1770=ADVANCED_FACE('',(#512),#426,.T.);
#1771=ADVANCED_FACE('',(#513),#427,.T.);
#1772=ADVANCED_FACE('',(#514),#69,.T.);
#1773=ADVANCED_FACE('',(#515),#428,.F.);
#1774=ADVANCED_FACE('',(#516),#429,.F.);
#1775=ADVANCED_FACE('',(#517),#430,.T.);
#1776=ADVANCED_FACE('',(#518),#70,.T.);
#1777=ADVANCED_FACE('',(#519),#431,.T.);
#1778=ADVANCED_FACE('',(#520),#71,.T.);
#1779=ADVANCED_FACE('',(#521),#432,.F.);
#1780=ADVANCED_FACE('',(#522),#72,.T.);
#1781=ADVANCED_FACE('',(#523),#433,.F.);
#1782=ADVANCED_FACE('',(#524),#434,.F.);
#1783=ADVANCED_FACE('',(#525),#73,.T.);
#1784=ADVANCED_FACE('',(#526),#435,.T.);
#1785=ADVANCED_FACE('',(#527),#436,.T.);
#1786=ADVANCED_FACE('',(#528),#74,.T.);
#1787=ADVANCED_FACE('',(#529),#437,.F.);
#1788=ADVANCED_FACE('',(#530,#21,#22,#23),#75,.T.);
#1789=ADVANCED_FACE('',(#531),#438,.F.);
#1790=ADVANCED_FACE('',(#532,#24),#76,.F.);
#1791=ADVANCED_FACE('',(#533),#439,.F.);
#1792=ADVANCED_FACE('',(#534,#25),#77,.F.);
#1793=ADVANCED_FACE('',(#535),#440,.F.);
#1794=ADVANCED_FACE('',(#536,#26,#27,#28),#78,.F.);
#1795=ADVANCED_FACE('',(#537),#441,.F.);
#1796=ADVANCED_FACE('',(#538,#29),#79,.F.);
#1797=ADVANCED_FACE('',(#539,#30),#80,.F.);
#1798=ADVANCED_FACE('',(#540),#442,.F.);
#1799=ADVANCED_FACE('',(#541),#443,.T.);
#1800=ADVANCED_FACE('',(#542),#444,.F.);
#1801=ADVANCED_FACE('',(#543),#445,.F.);
#1802=ADVANCED_FACE('',(#544),#81,.T.);
#1803=ADVANCED_FACE('',(#545),#82,.T.);
#1804=ADVANCED_FACE('',(#546),#446,.F.);
#1805=ADVANCED_FACE('',(#547),#83,.T.);
#1806=ADVANCED_FACE('',(#548),#447,.F.);
#1807=ADVANCED_FACE('',(#549),#84,.T.);
#1808=ADVANCED_FACE('',(#550),#448,.F.);
#1809=ADVANCED_FACE('',(#551),#85,.T.);
#1810=ADVANCED_FACE('',(#552),#86,.F.);
#1811=ADVANCED_FACE('',(#553),#87,.T.);
#1812=CLOSED_SHELL('',(#1708,#1709,#1710,#1711,#1712,#1713,#1714,#1715,
#1716,#1717,#1718,#1719,#1720,#1721,#1722,#1723,#1724,#1725,#1726,#1727,
#1728,#1729,#1730,#1731,#1732,#1733,#1734,#1735,#1736,#1737,#1738,#1739,
#1740,#1741,#1742,#1743,#1744,#1745,#1746,#1747,#1748,#1749,#1750,#1751,
#1752,#1753,#1754,#1755,#1756,#1757));
#1813=CLOSED_SHELL('',(#1758,#1759,#1760,#1761,#1762,#1763,#1764,#1765,
#1766,#1767,#1768,#1769,#1770,#1771,#1772,#1773,#1774,#1775,#1776,#1777,
#1778,#1779,#1780,#1781,#1782,#1783,#1784,#1785,#1786,#1787,#1788,#1789,
#1790,#1791,#1792,#1793,#1794,#1795));
#1814=CLOSED_SHELL('',(#1796,#1797,#1798,#1799,#1800,#1801,#1802,#1803,
#1804,#1805,#1806,#1807,#1808,#1809,#1810,#1811));
#1815=DERIVED_UNIT_ELEMENT(#1817,1.);
#1816=DERIVED_UNIT_ELEMENT(#3309,-3.);
#1817=(
MASS_UNIT()
NAMED_UNIT(*)
SI_UNIT(.KILO.,.GRAM.)
);
#1818=DERIVED_UNIT((#1815,#1816));
#1819=MEASURE_REPRESENTATION_ITEM('density measure',
POSITIVE_RATIO_MEASURE(7850.),#1818);
#1820=PROPERTY_DEFINITION_REPRESENTATION(#1825,#1822);
#1821=PROPERTY_DEFINITION_REPRESENTATION(#1826,#1823);
#1822=REPRESENTATION('material name',(#1824),#3306);
#1823=REPRESENTATION('density',(#1819),#3306);
#1824=DESCRIPTIVE_REPRESENTATION_ITEM('Steel','Steel');
#1825=PROPERTY_DEFINITION('material property','material name',#3316);
#1826=PROPERTY_DEFINITION('material property','density of part',#3316);
#1827=AXIS2_PLACEMENT_3D('',#2558,#2020,#2021);
#1828=AXIS2_PLACEMENT_3D('',#2581,#2022,#2023);
#1829=AXIS2_PLACEMENT_3D('',#2588,#2024,#2025);
#1830=AXIS2_PLACEMENT_3D('',#2593,#2026,#2027);
#1831=AXIS2_PLACEMENT_3D('',#2595,#2028,#2029);
#1832=AXIS2_PLACEMENT_3D('',#2596,#2030,#2031);
#1833=AXIS2_PLACEMENT_3D('',#2641,#2032,#2033);
#1834=AXIS2_PLACEMENT_3D('',#2654,#2034,#2035);
#1835=AXIS2_PLACEMENT_3D('',#2658,#2037,#2038);
#1836=AXIS2_PLACEMENT_3D('',#2660,#2040,#2041);
#1837=AXIS2_PLACEMENT_3D('',#2663,#2042,#2043);
#1838=AXIS2_PLACEMENT_3D('',#2666,#2046,#2047);
#1839=AXIS2_PLACEMENT_3D('',#2670,#2050,#2051);
#1840=AXIS2_PLACEMENT_3D('',#2679,#2053,#2054);
#1841=AXIS2_PLACEMENT_3D('',#2686,#2055,#2056);
#1842=AXIS2_PLACEMENT_3D('',#2712,#2057,#2058);
#1843=AXIS2_PLACEMENT_3D('',#2713,#2059,#2060);
#1844=AXIS2_PLACEMENT_3D('',#2715,#2062,#2063);
#1845=AXIS2_PLACEMENT_3D('',#2719,#2066,#2067);
#1846=AXIS2_PLACEMENT_3D('',#2721,#2068,#2069);
#1847=AXIS2_PLACEMENT_3D('',#2723,#2071,#2072);
#1848=AXIS2_PLACEMENT_3D('',#2727,#2075,#2076);
#1849=AXIS2_PLACEMENT_3D('',#2730,#2077,#2078);
#1850=AXIS2_PLACEMENT_3D('',#2734,#2080,#2081);
#1851=AXIS2_PLACEMENT_3D('',#2758,#2083,#2084);
#1852=AXIS2_PLACEMENT_3D('',#2759,#2085,#2086);
#1853=AXIS2_PLACEMENT_3D('',#2760,#2087,#2088);
#1854=AXIS2_PLACEMENT_3D('',#2806,#2089,#2090);
#1855=AXIS2_PLACEMENT_3D('',#2809,#2092,#2093);
#1856=AXIS2_PLACEMENT_3D('',#2811,#2095,#2096);
#1857=AXIS2_PLACEMENT_3D('',#2813,#2098,#2099);
#1858=AXIS2_PLACEMENT_3D('',#2819,#2102,#2103);
#1859=AXIS2_PLACEMENT_3D('',#2823,#2105,#2106);
#1860=AXIS2_PLACEMENT_3D('',#2827,#2108,#2109);
#1861=AXIS2_PLACEMENT_3D('',#2831,#2111,#2112);
#1862=AXIS2_PLACEMENT_3D('',#2836,#2115,#2116);
#1863=AXIS2_PLACEMENT_3D('',#2838,#2117,#2118);
#1864=AXIS2_PLACEMENT_3D('',#2874,#2119,#2120);
#1865=AXIS2_PLACEMENT_3D('',#2901,#2121,#2122);
#1866=AXIS2_PLACEMENT_3D('',#2902,#2123,#2124);
#1867=AXIS2_PLACEMENT_3D('',#2903,#2125,#2126);
#1868=AXIS2_PLACEMENT_3D('',#2905,#2128,#2129);
#1869=AXIS2_PLACEMENT_3D('',#2909,#2131,#2132);
#1870=AXIS2_PLACEMENT_3D('',#2911,#2134,#2135);
#1871=AXIS2_PLACEMENT_3D('',#2915,#2137,#2138);
#1872=AXIS2_PLACEMENT_3D('',#2917,#2140,#2141);
#1873=AXIS2_PLACEMENT_3D('',#2919,#2143,#2144);
#1874=AXIS2_PLACEMENT_3D('',#2921,#2146,#2147);
#1875=AXIS2_PLACEMENT_3D('',#2923,#2149,#2150);
#1876=AXIS2_PLACEMENT_3D('',#2927,#2152,#2153);
#1877=AXIS2_PLACEMENT_3D('',#2931,#2155,#2156);
#1878=AXIS2_PLACEMENT_3D('',#2935,#2158,#2159);
#1879=AXIS2_PLACEMENT_3D('',#2939,#2161,#2162);
#1880=AXIS2_PLACEMENT_3D('',#2942,#2164,#2165);
#1881=AXIS2_PLACEMENT_3D('',#2943,#2166,#2167);
#1882=AXIS2_PLACEMENT_3D('',#2945,#2169,#2170);
#1883=AXIS2_PLACEMENT_3D('',#2948,#2173,#2174);
#1884=AXIS2_PLACEMENT_3D('',#2950,#2176,#2177);
#1885=AXIS2_PLACEMENT_3D('',#2951,#2178,#2179);
#1886=AXIS2_PLACEMENT_3D('',#2953,#2181,#2182);
#1887=AXIS2_PLACEMENT_3D('',#2955,#2184,#2185);
#1888=AXIS2_PLACEMENT_3D('',#2957,#2187,#2188);
#1889=AXIS2_PLACEMENT_3D('',#2959,#2190,#2191);
#1890=AXIS2_PLACEMENT_3D('',#2960,#2192,#2193);
#1891=AXIS2_PLACEMENT_3D('',#2965,#2195,#2196);
#1892=AXIS2_PLACEMENT_3D('',#2966,#2197,#2198);
#1893=AXIS2_PLACEMENT_3D('',#2967,#2199,#2200);
#1894=AXIS2_PLACEMENT_3D('',#2972,#2203,#2204);
#1895=AXIS2_PLACEMENT_3D('',#2976,#2206,#2207);
#1896=AXIS2_PLACEMENT_3D('',#2980,#2209,#2210);
#1897=AXIS2_PLACEMENT_3D('',#2982,#2212,#2213);
#1898=AXIS2_PLACEMENT_3D('',#2984,#2215,#2216);
#1899=AXIS2_PLACEMENT_3D('',#2990,#2220,#2221);
#1900=AXIS2_PLACEMENT_3D('',#3000,#2227,#2228);
#1901=AXIS2_PLACEMENT_3D('',#3010,#2234,#2235);
#1902=AXIS2_PLACEMENT_3D('',#3012,#2237,#2238);
#1903=AXIS2_PLACEMENT_3D('',#3014,#2239,#2240);
#1904=AXIS2_PLACEMENT_3D('',#3016,#2242,#2243);
#1905=AXIS2_PLACEMENT_3D('',#3018,#2245,#2246);
#1906=AXIS2_PLACEMENT_3D('',#3019,#2247,#2248);
#1907=AXIS2_PLACEMENT_3D('',#3022,#2250,#2251);
#1908=AXIS2_PLACEMENT_3D('',#3023,#2252,#2253);
#1909=AXIS2_PLACEMENT_3D('',#3025,#2255,#2256);
#1910=AXIS2_PLACEMENT_3D('',#3026,#2257,#2258);
#1911=AXIS2_PLACEMENT_3D('',#3027,#2259,#2260);
#1912=AXIS2_PLACEMENT_3D('',#3028,#2261,#2262);
#1913=AXIS2_PLACEMENT_3D('',#3030,#2264,#2265);
#1914=AXIS2_PLACEMENT_3D('',#3041,#2271,#2272);
#1915=AXIS2_PLACEMENT_3D('',#3046,#2274,#2275);
#1916=AXIS2_PLACEMENT_3D('',#3048,#2277,#2278);
#1917=AXIS2_PLACEMENT_3D('',#3056,#2283,#2284);
#1918=AXIS2_PLACEMENT_3D('',#3059,#2286,#2287);
#1919=AXIS2_PLACEMENT_3D('',#3060,#2288,#2289);
#1920=AXIS2_PLACEMENT_3D('',#3062,#2291,#2292);
#1921=AXIS2_PLACEMENT_3D('',#3063,#2293,#2294);
#1922=AXIS2_PLACEMENT_3D('',#3065,#2296,#2297);
#1923=AXIS2_PLACEMENT_3D('',#3066,#2298,#2299);
#1924=AXIS2_PLACEMENT_3D('',#3070,#2301,#2302);
#1925=AXIS2_PLACEMENT_3D('',#3072,#2304,#2305);
#1926=AXIS2_PLACEMENT_3D('',#3080,#2310,#2311);
#1927=AXIS2_PLACEMENT_3D('',#3088,#2316,#2317);
#1928=AXIS2_PLACEMENT_3D('',#3089,#2318,#2319);
#1929=AXIS2_PLACEMENT_3D('',#3090,#2320,#2321);
#1930=AXIS2_PLACEMENT_3D('',#3091,#2322,#2323);
#1931=AXIS2_PLACEMENT_3D('',#3092,#2324,#2325);
#1932=AXIS2_PLACEMENT_3D('',#3094,#2326,#2327);
#1933=AXIS2_PLACEMENT_3D('',#3095,#2328,#2329);
#1934=AXIS2_PLACEMENT_3D('',#3096,#2330,#2331);
#1935=AXIS2_PLACEMENT_3D('',#3101,#2333,#2334);
#1936=AXIS2_PLACEMENT_3D('',#3104,#2336,#2337);
#1937=AXIS2_PLACEMENT_3D('',#3105,#2338,#2339);
#1938=AXIS2_PLACEMENT_3D('',#3110,#2341,#2342);
#1939=AXIS2_PLACEMENT_3D('',#3113,#2344,#2345);
#1940=AXIS2_PLACEMENT_3D('',#3114,#2346,#2347);
#1941=AXIS2_PLACEMENT_3D('',#3123,#2352,#2353);
#1942=AXIS2_PLACEMENT_3D('',#3125,#2354,#2355);
#1943=AXIS2_PLACEMENT_3D('',#3128,#2357,#2358);
#1944=AXIS2_PLACEMENT_3D('',#3129,#2359,#2360);
#1945=AXIS2_PLACEMENT_3D('',#3131,#2361,#2362);
#1946=AXIS2_PLACEMENT_3D('',#3134,#2364,#2365);
#1947=AXIS2_PLACEMENT_3D('',#3135,#2366,#2367);
#1948=AXIS2_PLACEMENT_3D('',#3138,#2368,#2369);
#1949=AXIS2_PLACEMENT_3D('',#3142,#2371,#2372);
#1950=AXIS2_PLACEMENT_3D('',#3144,#2374,#2375);
#1951=AXIS2_PLACEMENT_3D('',#3150,#2379,#2380);
#1952=AXIS2_PLACEMENT_3D('',#3152,#2381,#2382);
#1953=AXIS2_PLACEMENT_3D('',#3155,#2384,#2385);
#1954=AXIS2_PLACEMENT_3D('',#3156,#2386,#2387);
#1955=AXIS2_PLACEMENT_3D('',#3162,#2391,#2392);
#1956=AXIS2_PLACEMENT_3D('',#3163,#2393,#2394);
#1957=AXIS2_PLACEMENT_3D('',#3164,#2395,#2396);
#1958=AXIS2_PLACEMENT_3D('',#3165,#2397,#2398);
#1959=AXIS2_PLACEMENT_3D('',#3171,#2402,#2403);
#1960=AXIS2_PLACEMENT_3D('',#3172,#2404,#2405);
#1961=AXIS2_PLACEMENT_3D('',#3173,#2406,#2407);
#1962=AXIS2_PLACEMENT_3D('',#3174,#2408,#2409);
#1963=AXIS2_PLACEMENT_3D('',#3176,#2410,#2411);
#1964=AXIS2_PLACEMENT_3D('',#3178,#2412,#2413);
#1965=AXIS2_PLACEMENT_3D('',#3180,#2415,#2416);
#1966=AXIS2_PLACEMENT_3D('',#3186,#2420,#2421);
#1967=AXIS2_PLACEMENT_3D('',#3187,#2422,#2423);
#1968=AXIS2_PLACEMENT_3D('',#3188,#2424,#2425);
#1969=AXIS2_PLACEMENT_3D('',#3189,#2426,#2427);
#1970=AXIS2_PLACEMENT_3D('',#3191,#2428,#2429);
#1971=AXIS2_PLACEMENT_3D('',#3193,#2430,#2431);
#1972=AXIS2_PLACEMENT_3D('',#3195,#2433,#2434);
#1973=AXIS2_PLACEMENT_3D('',#3201,#2438,#2439);
#1974=AXIS2_PLACEMENT_3D('',#3202,#2440,#2441);
#1975=AXIS2_PLACEMENT_3D('',#3203,#2442,#2443);
#1976=AXIS2_PLACEMENT_3D('',#3204,#2444,#2445);
#1977=AXIS2_PLACEMENT_3D('',#3206,#2446,#2447);
#1978=AXIS2_PLACEMENT_3D('',#3207,#2448,#2449);
#1979=AXIS2_PLACEMENT_3D('',#3209,#2451,#2452);
#1980=AXIS2_PLACEMENT_3D('',#3211,#2453,#2454);
#1981=AXIS2_PLACEMENT_3D('',#3212,#2455,#2456);
#1982=AXIS2_PLACEMENT_3D('',#3214,#2457,#2458);
#1983=AXIS2_PLACEMENT_3D('',#3216,#2460,#2461);
#1984=AXIS2_PLACEMENT_3D('',#3218,#2462,#2463);
#1985=AXIS2_PLACEMENT_3D('',#3219,#2464,#2465);
#1986=AXIS2_PLACEMENT_3D('',#3221,#2466,#2467);
#1987=AXIS2_PLACEMENT_3D('',#3223,#2469,#2470);
#1988=AXIS2_PLACEMENT_3D('',#3225,#2471,#2472);
#1989=AXIS2_PLACEMENT_3D('',#3226,#2473,#2474);
#1990=AXIS2_PLACEMENT_3D('',#3228,#2476,#2477);
#1991=AXIS2_PLACEMENT_3D('',#3238,#2482,#2483);
#1992=AXIS2_PLACEMENT_3D('',#3239,#2484,#2485);
#1993=AXIS2_PLACEMENT_3D('',#3249,#2490,#2491);
#1994=AXIS2_PLACEMENT_3D('',#3250,#2492,#2493);
#1995=AXIS2_PLACEMENT_3D('',#3253,#2494,#2495);
#1996=AXIS2_PLACEMENT_3D('',#3257,#2497,#2498);
#1997=AXIS2_PLACEMENT_3D('',#3259,#2500,#2501);
#1998=AXIS2_PLACEMENT_3D('',#3260,#2502,#2503);
#1999=AXIS2_PLACEMENT_3D('',#3261,#2504,#2505);
#2000=AXIS2_PLACEMENT_3D('',#3262,#2506,#2507);
#2001=AXIS2_PLACEMENT_3D('',#3265,#2508,#2509);
#2002=AXIS2_PLACEMENT_3D('',#3269,#2511,#2512);
#2003=AXIS2_PLACEMENT_3D('',#3271,#2514,#2515);
#2004=AXIS2_PLACEMENT_3D('',#3273,#2516,#2517);
#2005=AXIS2_PLACEMENT_3D('',#3276,#2519,#2520);
#2006=AXIS2_PLACEMENT_3D('',#3277,#2521,#2522);
#2007=AXIS2_PLACEMENT_3D('',#3280,#2525,#2526);
#2008=AXIS2_PLACEMENT_3D('',#3283,#2529,#2530);
#2009=AXIS2_PLACEMENT_3D('',#3286,#2532,#2533);
#2010=AXIS2_PLACEMENT_3D('',#3287,#2534,#2535);
#2011=AXIS2_PLACEMENT_3D('',#3288,#2536,#2537);
#2012=AXIS2_PLACEMENT_3D('',#3290,#2538,#2539);
#2013=AXIS2_PLACEMENT_3D('',#3292,#2540,#2541);
#2014=AXIS2_PLACEMENT_3D('',#3294,#2543,#2544);
#2015=AXIS2_PLACEMENT_3D('',#3297,#2547,#2548);
#2016=AXIS2_PLACEMENT_3D('',#3300,#2550,#2551);
#2017=AXIS2_PLACEMENT_3D('',#3301,#2552,#2553);
#2018=AXIS2_PLACEMENT_3D('',#3302,#2554,#2555);
#2019=AXIS2_PLACEMENT_3D('',#3303,#2556,#2557);
#2020=DIRECTION('axis',(0.,0.,1.));
#2021=DIRECTION('refdir',(1.,0.,0.));
#2022=DIRECTION('center_axis',(-0.33177034503246,-0.637324903066404,-0.695518084659516));
#2023=DIRECTION('ref_axis',(1.04854396770154E-15,0.737277336810124,-0.67559020761566));
#2024=DIRECTION('center_axis',(-0.260326034793898,-0.468285599617851,-0.844357123970087));
#2025=DIRECTION('ref_axis',(1.41476336818553E-15,0.874509540314448,-0.485008313226704));
#2026=DIRECTION('center_axis',(6.12323399573678E-17,0.,1.));
#2027=DIRECTION('ref_axis',(1.,0.,0.));
#2028=DIRECTION('center_axis',(-0.260326034793897,0.468285599617852,0.844357123970086));
#2029=DIRECTION('ref_axis',(-0.686772631003807,0.52487619602113,-0.502840265048949));
#2030=DIRECTION('center_axis',(-1.37285323567015E-16,-0.69178624492829,
-0.722102341311822));
#2031=DIRECTION('ref_axis',(-0.686772631003807,0.52487619602113,-0.502840265048949));
#2032=DIRECTION('center_axis',(1.5059245023858E-16,-4.67350746247373E-10,
-1.));
#2033=DIRECTION('ref_axis',(-0.819152044277976,0.573576436366779,-2.68061498924036E-10));
#2034=DIRECTION('center_axis',(-0.33177034503246,-0.637324903066404,-0.695518084659516));
#2035=DIRECTION('ref_axis',(0.297875118819526,0.628783006814336,-0.718263422380519));
#2036=DIRECTION('',(0.33177034503246,0.637324903066403,0.695518084659516));
#2037=DIRECTION('center_axis',(0.,-0.0871557427476581,0.996194698091746));
#2038=DIRECTION('ref_axis',(0.430537775798475,0.89913799756057,0.0786643817319497));
#2039=DIRECTION('',(-0.33177034503246,-0.637324903066403,-0.695518084659516));
#2040=DIRECTION('center_axis',(0.,0.,1.));
#2041=DIRECTION('ref_axis',(1.29040984980501E-15,1.,0.));
#2042=DIRECTION('center_axis',(0.,0.,-1.));
#2043=DIRECTION('ref_axis',(1.29040984980501E-15,1.,0.));
#2044=DIRECTION('',(0.,0.,1.));
#2045=DIRECTION('',(0.,0.,-1.));
#2046=DIRECTION('center_axis',(0.819152044288996,-0.573576436351041,0.));
#2047=DIRECTION('ref_axis',(0.573576436351041,0.819152044288996,0.));
#2048=DIRECTION('',(0.572109116128814,0.81705649383837,0.0714831806710964));
#2049=DIRECTION('',(-0.573576436351041,-0.819152044288996,0.));
#2050=DIRECTION('center_axis',(0.572109116128814,0.81705649383837,0.0714831806710964));
#2051=DIRECTION('ref_axis',(0.745442283687581,-0.55434852910968,0.370153360061175));
#2052=DIRECTION('',(-0.572109116128814,-0.81705649383837,-0.0714831806710964));
#2053=DIRECTION('center_axis',(-0.509184126672538,-0.858771287892405,0.0569508580825989));
#2054=DIRECTION('ref_axis',(0.461584090395359,-0.216635097291402,0.860237968306116));
#2055=DIRECTION('center_axis',(0.,0.,1.));
#2056=DIRECTION('ref_axis',(-0.573576436351041,-0.819152044288996,5.89693805016764E-18));
#2057=DIRECTION('center_axis',(0.331770345032459,-0.637324903066404,-0.695518084659516));
#2058=DIRECTION('ref_axis',(-0.565271176107628,0.455950587653676,-0.687442767857926));
#2059=DIRECTION('center_axis',(1.,-1.61689017764743E-15,-1.41459560710567E-16));
#2060=DIRECTION('ref_axis',(-1.45924004505712E-15,-0.932007869282799,0.362438038283701));
#2061=DIRECTION('',(-1.,1.61689017764743E-15,1.41459560710567E-16));
#2062=DIRECTION('center_axis',(-1.09652779010067E-15,-0.737277336810124,
0.67559020761566));
#2063=DIRECTION('ref_axis',(1.,0.,1.62306643545147E-15));
#2064=DIRECTION('',(-1.,1.61689017764743E-15,1.41459560710567E-16));
#2065=DIRECTION('',(-0.331770345032459,0.637324903066404,0.695518084659516));
#2066=DIRECTION('center_axis',(0.331770345032459,-0.637324903066404,-0.695518084659516));
#2067=DIRECTION('ref_axis',(-0.297875118819525,0.628783006814336,-0.718263422380519));
#2068=DIRECTION('center_axis',(0.,-0.0871557427476581,0.996194698091746));
#2069=DIRECTION('ref_axis',(-0.430537775798473,0.899137997560571,0.0786643817319497));
#2070=DIRECTION('',(0.331770345032459,-0.637324903066404,-0.695518084659516));
#2071=DIRECTION('center_axis',(0.565271176107629,-0.455950587653676,0.687442767857926));
#2072=DIRECTION('ref_axis',(0.772403186203954,0.,-0.635132519984594));
#2073=DIRECTION('',(-0.572109116128814,-0.81705649383837,-0.0714831806710963));
#2074=DIRECTION('',(-0.331770345032459,0.637324903066404,0.695518084659516));
#2075=DIRECTION('center_axis',(-0.33177034503246,-0.637324903066403,-0.695518084659517));
#2076=DIRECTION('ref_axis',(-0.297875118819526,-0.628783006814337,0.718263422380519));
#2077=DIRECTION('center_axis',(0.,0.0871557427476581,-0.996194698091746));
#2078=DIRECTION('ref_axis',(-0.430537775798476,-0.89913799756057,-0.0786643817319496));
#2079=DIRECTION('',(-0.33177034503246,-0.637324903066403,-0.695518084659517));
#2080=DIRECTION('center_axis',(0.331770345032461,0.637324903066403,0.695518084659516));
#2081=DIRECTION('ref_axis',(-0.565271176107628,-0.455950587653676,0.687442767857926));
#2082=DIRECTION('',(0.33177034503246,0.637324903066403,0.695518084659517));
#2083=DIRECTION('center_axis',(-0.0522523598549042,0.674667292174588,0.736270151343515));
#2084=DIRECTION('ref_axis',(-0.71535791377286,-0.539726468156672,0.443799949046489));
#2085=DIRECTION('center_axis',(6.57873803036902E-16,0.737277336810125,-0.675590207615659));
#2086=DIRECTION('ref_axis',(-0.687261483979268,0.490755559227815,0.53556571373232));
#2087=DIRECTION('center_axis',(0.509184126672537,-0.858771287892406,0.0569508580825982));
#2088=DIRECTION('ref_axis',(-0.461584090395357,-0.216635097291401,0.860237968306117));
#2089=DIRECTION('center_axis',(0.572109116128814,-0.81705649383837,-0.0714831806710964));
#2090=DIRECTION('ref_axis',(-0.745442283687581,-0.55434852910968,0.370153360061175));
#2091=DIRECTION('',(0.572109116128814,-0.81705649383837,-0.0714831806710964));
#2092=DIRECTION('center_axis',(0.,0.,1.));
#2093=DIRECTION('ref_axis',(0.573576436351041,-0.819152044288996,0.));
#2094=DIRECTION('',(-0.572109116128814,0.81705649383837,0.0714831806710964));
#2095=DIRECTION('center_axis',(-0.565271176107629,-0.455950587653676,0.687442767857926));
#2096=DIRECTION('ref_axis',(0.772403186203954,0.,0.635132519984594));
#2097=DIRECTION('',(-0.572109116128814,0.81705649383837,0.0714831806710963));
#2098=DIRECTION('center_axis',(0.,-0.0871557427476581,0.996194698091746));
#2099=DIRECTION('ref_axis',(1.,0.,0.));
#2100=DIRECTION('',(-1.,9.70070890920389E-16,8.48702057720271E-17));
#2101=DIRECTION('',(-0.572109116128874,0.817056493838329,0.0714831806710927));
#2102=DIRECTION('center_axis',(0.,-0.0871557427476581,0.996194698091746));
#2103=DIRECTION('ref_axis',(-5.52999145415481E-16,-0.996194698091746,-0.0871557427476581));
#2104=DIRECTION('',(-2.60593162777936E-6,0.996194698088363,0.0871557427473622));
#2105=DIRECTION('center_axis',(0.,0.0871557427476581,-0.996194698091746));
#2106=DIRECTION('ref_axis',(5.14289205236398E-15,0.996194698091746,0.0871557427476581));
#2107=DIRECTION('',(-1.,1.37607097433994E-12,1.20390610461818E-13));
#2108=DIRECTION('center_axis',(0.,0.0871557427476581,-0.996194698091746));
#2109=DIRECTION('ref_axis',(-1.10046829937681E-14,0.996194698091746,0.0871557427476581));
#2110=DIRECTION('',(-1.50413015375713E-12,-0.996194698091746,-0.0871557427476581));
#2111=DIRECTION('center_axis',(0.,-0.0871557427476581,0.996194698091746));
#2112=DIRECTION('ref_axis',(-2.15669666712038E-15,-0.996194698091746,-0.0871557427476581));
#2113=DIRECTION('',(-0.572109116128893,-0.817056493838315,-0.0714831806710915));
#2114=DIRECTION('',(-1.,-1.45510633638058E-15,-1.27305308658041E-16));
#2115=DIRECTION('center_axis',(0.,0.0871557427476581,-0.996194698091746));
#2116=DIRECTION('ref_axis',(0.430537775798474,-0.899137997560571,-0.0786643817319497));
#2117=DIRECTION('center_axis',(0.,0.0871557427476581,-0.996194698091746));
#2118=DIRECTION('ref_axis',(0.,0.996194698091745,0.0871557427476581));
#2119=DIRECTION('center_axis',(-0.0522523598548682,-0.674667292174588,-0.736270151343518));
#2120=DIRECTION('ref_axis',(0.715357913772848,-0.539726468156665,0.443799949046517));
#2121=DIRECTION('center_axis',(0.331770345032459,-0.637324903066404,-0.695518084659516));
#2122=DIRECTION('ref_axis',(0.565271176107629,-0.455950587653677,0.687442767857925));
#2123=DIRECTION('center_axis',(-9.86810704555351E-16,0.737277336810124,
-0.67559020761566));
#2124=DIRECTION('ref_axis',(0.687261483979268,0.490755559227816,0.535565713732319));
#2125=DIRECTION('center_axis',(0.331770345032459,-0.637324903066404,-0.695518084659516));
#2126=DIRECTION('ref_axis',(0.297875118819526,-0.628783006814336,0.718263422380519));
#2127=DIRECTION('',(0.331770345032459,-0.637324903066404,-0.695518084659516));
#2128=DIRECTION('center_axis',(-1.,9.27797266412364E-16,3.87366399754097E-17));
#2129=DIRECTION('ref_axis',(-8.88178419700125E-16,-0.999333478169258,0.036504786126388));
#2130=DIRECTION('',(1.,-9.70070890920389E-16,0.));
#2131=DIRECTION('center_axis',(-0.819152044288954,-0.5735764363511,0.));
#2132=DIRECTION('ref_axis',(0.5735764363511,-0.819152044288954,-5.11560821384079E-17));
#2133=DIRECTION('',(-1.,9.27797266412364E-16,3.87366399754097E-17));
#2134=DIRECTION('center_axis',(-1.,-1.39169589961855E-15,-5.81049599631146E-17));
#2135=DIRECTION('ref_axis',(1.77635683940025E-15,-0.999333478169258,0.0365047861263875));
#2136=DIRECTION('',(-1.,-1.39169589961855E-15,-5.81049599631146E-17));
#2137=DIRECTION('center_axis',(0.81915204428894,-0.57357643635112,0.));
#2138=DIRECTION('ref_axis',(-0.57357643635112,-0.81915204428894,-1.02312164276814E-16));
#2139=DIRECTION('',(-1.,-1.45510633638058E-15,0.));
#2140=DIRECTION('center_axis',(9.86810704555351E-16,-0.737277336810124,
0.67559020761566));
#2141=DIRECTION('ref_axis',(1.,0.,-1.46066460619385E-15));
#2142=DIRECTION('',(-0.427620527558429,-0.610705404074465,-0.666467999115408));
#2143=DIRECTION('center_axis',(-6.57873803036902E-16,-0.737277336810125,
0.675590207615659));
#2144=DIRECTION('ref_axis',(1.,0.,9.73776404129237E-16));
#2145=DIRECTION('',(-0.427620527558411,0.61070540407447,0.666467999115415));
#2146=DIRECTION('center_axis',(-0.819152044288996,-0.57357643635104,0.));
#2147=DIRECTION('ref_axis',(0.57357643635104,-0.819152044288996,0.));
#2148=DIRECTION('',(0.57357643635104,-0.819152044288996,0.));
#2149=DIRECTION('center_axis',(0.,0.,1.));
#2150=DIRECTION('ref_axis',(1.,0.,0.));
#2151=DIRECTION('',(0.57357643635112,0.81915204428894,0.));
#2152=DIRECTION('center_axis',(0.,0.,-1.));
#2153=DIRECTION('ref_axis',(0.953716950747987,-0.300705799505033,0.));
#2154=DIRECTION('',(1.50413015375713E-12,1.,0.));
#2155=DIRECTION('center_axis',(0.,0.,1.));
#2156=DIRECTION('ref_axis',(-0.70710678118553,0.707106781187565,0.));
#2157=DIRECTION('',(1.,-1.37607097433994E-12,0.));
#2158=DIRECTION('center_axis',(0.,0.,1.));
#2159=DIRECTION('ref_axis',(0.707105856331113,0.707107706040772,0.));
#2160=DIRECTION('',(2.61588586324648E-6,-0.999999999996579,0.));
#2161=DIRECTION('center_axis',(0.,0.,-1.));
#2162=DIRECTION('ref_axis',(-0.953716557441376,-0.300707046911392,0.));
#2163=DIRECTION('',(-0.5735764363511,0.819152044288954,0.));
#2164=DIRECTION('center_axis',(0.,0.,1.));
#2165=DIRECTION('ref_axis',(1.,0.,0.));
#2166=DIRECTION('center_axis',(0.819152044288954,0.5735764363511,0.));
#2167=DIRECTION('ref_axis',(-0.5735764363511,0.819152044288954,0.));
#2168=DIRECTION('',(0.,0.,-1.));
#2169=DIRECTION('center_axis',(-1.,1.50413015375713E-12,0.));
#2170=DIRECTION('ref_axis',(-1.50413015375713E-12,-1.,0.));
#2171=DIRECTION('',(0.,0.,1.));
#2172=DIRECTION('',(0.,0.,-1.));
#2173=DIRECTION('center_axis',(-0.81915204428894,0.57357643635112,0.));
#2174=DIRECTION('ref_axis',(-0.57357643635112,-0.81915204428894,0.));
#2175=DIRECTION('',(0.,0.,1.));
#2176=DIRECTION('center_axis',(0.,0.,1.));
#2177=DIRECTION('ref_axis',(0.953716950747987,-0.300705799505033,0.));
#2178=DIRECTION('center_axis',(0.,0.,1.));
#2179=DIRECTION('ref_axis',(-0.70710678118553,0.707106781187565,0.));
#2180=DIRECTION('',(0.,0.,-1.));
#2181=DIRECTION('center_axis',(1.37607097433994E-12,1.,0.));
#2182=DIRECTION('ref_axis',(-1.,1.37607097433994E-12,0.));
#2183=DIRECTION('',(0.,0.,1.));
#2184=DIRECTION('center_axis',(0.,0.,1.));
#2185=DIRECTION('ref_axis',(0.707105856331113,0.707107706040772,0.));
#2186=DIRECTION('',(0.,0.,-1.));
#2187=DIRECTION('center_axis',(0.999999999996579,2.61588586324648E-6,0.));
#2188=DIRECTION('ref_axis',(-2.61588586324648E-6,0.999999999996579,0.));
#2189=DIRECTION('',(0.,0.,1.));
#2190=DIRECTION('center_axis',(0.,0.,1.));
#2191=DIRECTION('ref_axis',(-0.953716557441376,-0.300707046911392,0.));
#2192=DIRECTION('center_axis',(0.,0.,-1.));
#2193=DIRECTION('ref_axis',(1.,0.,0.));
#2194=DIRECTION('',(-3.01051486265935E-16,-1.,0.));
#2195=DIRECTION('center_axis',(0.,0.,1.));
#2196=DIRECTION('ref_axis',(1.,0.,0.));
#2197=DIRECTION('center_axis',(0.,0.,1.));
#2198=DIRECTION('ref_axis',(1.,0.,0.));
#2199=DIRECTION('center_axis',(0.,0.,1.));
#2200=DIRECTION('ref_axis',(1.,0.,0.));
#2201=DIRECTION('',(0.,0.,1.));
#2202=DIRECTION('',(0.,0.,1.));
#2203=DIRECTION('center_axis',(0.,0.,1.));
#2204=DIRECTION('ref_axis',(1.,0.,0.));
#2205=DIRECTION('',(0.,0.,1.));
#2206=DIRECTION('center_axis',(0.,0.,1.));
#2207=DIRECTION('ref_axis',(1.,0.,0.));
#2208=DIRECTION('',(0.,0.,1.));
#2209=DIRECTION('center_axis',(0.,0.,1.));
#2210=DIRECTION('ref_axis',(1.,0.,0.));
#2211=DIRECTION('',(0.,0.,1.));
#2212=DIRECTION('center_axis',(0.,0.,-1.));
#2213=DIRECTION('ref_axis',(1.,0.,0.));
#2214=DIRECTION('',(0.,1.,0.));
#2215=DIRECTION('center_axis',(0.,0.,-1.));
#2216=DIRECTION('ref_axis',(1.,0.,0.));
#2217=DIRECTION('',(1.,0.,0.));
#2218=DIRECTION('',(0.,1.,0.));
#2219=DIRECTION('',(-3.01051486265935E-16,-1.,0.));
#2220=DIRECTION('center_axis',(1.,0.,0.));
#2221=DIRECTION('ref_axis',(0.,1.,0.));
#2222=DIRECTION('',(0.,0.,1.));
#2223=DIRECTION('',(0.,1.,0.));
#2224=DIRECTION('',(0.,1.,0.));
#2225=DIRECTION('',(0.,0.,1.));
#2226=DIRECTION('',(0.,1.,0.));
#2227=DIRECTION('center_axis',(-1.,3.01051486265935E-16,0.));
#2228=DIRECTION('ref_axis',(-3.01051486265935E-16,-1.,0.));
#2229=DIRECTION('',(-3.01051486265935E-16,-1.,0.));
#2230=DIRECTION('',(0.,0.,1.));
#2231=DIRECTION('',(-3.01051486265935E-16,-1.,0.));
#2232=DIRECTION('',(-3.01051486265935E-16,-1.,0.));
#2233=DIRECTION('',(0.,0.,1.));
#2234=DIRECTION('center_axis',(0.,0.,-1.));
#2235=DIRECTION('ref_axis',(1.,0.,0.));
#2236=DIRECTION('',(-1.,0.,0.));
#2237=DIRECTION('center_axis',(0.,0.,-1.));
#2238=DIRECTION('ref_axis',(1.,0.,0.));
#2239=DIRECTION('center_axis',(0.,0.,-1.));
#2240=DIRECTION('ref_axis',(1.,0.,0.));
#2241=DIRECTION('',(-1.,0.,0.));
#2242=DIRECTION('center_axis',(0.,0.,-1.));
#2243=DIRECTION('ref_axis',(1.,0.,0.));
#2244=DIRECTION('',(-1.,0.,0.));
#2245=DIRECTION('center_axis',(0.,0.,-1.));
#2246=DIRECTION('ref_axis',(1.,0.,0.));
#2247=DIRECTION('center_axis',(0.,0.,-1.));
#2248=DIRECTION('ref_axis',(1.,0.,0.));
#2249=DIRECTION('',(1.,0.,0.));
#2250=DIRECTION('center_axis',(0.,0.,-1.));
#2251=DIRECTION('ref_axis',(1.,0.,0.));
#2252=DIRECTION('center_axis',(0.,0.,-1.));
#2253=DIRECTION('ref_axis',(1.,0.,0.));
#2254=DIRECTION('',(1.,0.,0.));
#2255=DIRECTION('center_axis',(0.,0.,-1.));
#2256=DIRECTION('ref_axis',(1.,0.,0.));
#2257=DIRECTION('center_axis',(0.,-1.,0.));
#2258=DIRECTION('ref_axis',(1.,0.,0.));
#2259=DIRECTION('center_axis',(0.,1.,0.));
#2260=DIRECTION('ref_axis',(-1.,0.,0.));
#2261=DIRECTION('center_axis',(0.,0.,1.));
#2262=DIRECTION('ref_axis',(1.,0.,0.));
#2263=DIRECTION('',(0.,0.,1.));
#2264=DIRECTION('center_axis',(0.,-0.906307787036636,-0.42261826174073));
#2265=DIRECTION('ref_axis',(-1.,0.,0.));
#2266=DIRECTION('',(-1.,0.,0.));
#2267=DIRECTION('',(0.,0.42261826174073,-0.906307787036636));
#2268=DIRECTION('',(-1.,0.,0.));
#2269=DIRECTION('',(-1.,0.,0.));
#2270=DIRECTION('',(0.,0.42261826174073,-0.906307787036636));
#2271=DIRECTION('center_axis',(0.,-0.422618261740708,0.906307787036646));
#2272=DIRECTION('ref_axis',(1.,0.,0.));
#2273=DIRECTION('',(1.,0.,0.));
#2274=DIRECTION('center_axis',(0.,-0.422618261740708,0.906307787036646));
#2275=DIRECTION('ref_axis',(1.,0.,0.));
#2276=DIRECTION('',(2.40841189012748E-16,-0.906307787036646,-0.422618261740708));
#2277=DIRECTION('center_axis',(0.,0.906307787036636,0.42261826174073));
#2278=DIRECTION('ref_axis',(1.,0.,0.));
#2279=DIRECTION('',(1.,0.,0.));
#2280=DIRECTION('',(0.,0.42261826174073,-0.906307787036636));
#2281=DIRECTION('',(1.,0.,0.));
#2282=DIRECTION('',(0.,0.42261826174073,-0.906307787036636));
#2283=DIRECTION('center_axis',(0.,-0.422618261740708,0.906307787036646));
#2284=DIRECTION('ref_axis',(1.,0.,0.));
#2285=DIRECTION('',(0.,0.906307787036646,0.422618261740708));
#2286=DIRECTION('center_axis',(0.,-0.422618261740708,0.906307787036646));
#2287=DIRECTION('ref_axis',(1.,0.,0.));
#2288=DIRECTION('center_axis',(0.,-0.422618261740708,0.906307787036646));
#2289=DIRECTION('ref_axis',(1.,0.,0.));
#2290=DIRECTION('',(0.,0.906307787036646,0.422618261740708));
#2291=DIRECTION('center_axis',(0.,-0.422618261740708,0.906307787036646));
#2292=DIRECTION('ref_axis',(1.,0.,0.));
#2293=DIRECTION('center_axis',(0.,-0.422618261740708,0.906307787036646));
#2294=DIRECTION('ref_axis',(1.,0.,0.));
#2295=DIRECTION('',(2.40841189012748E-16,-0.906307787036646,-0.422618261740708));
#2296=DIRECTION('center_axis',(0.,-0.422618261740708,0.906307787036646));
#2297=DIRECTION('ref_axis',(1.,0.,0.));
#2298=DIRECTION('center_axis',(0.,-0.422618261740708,0.906307787036646));
#2299=DIRECTION('ref_axis',(1.,0.,0.));
#2300=DIRECTION('',(0.,0.906307787036646,0.422618261740708));
#2301=DIRECTION('center_axis',(0.,0.422618261740708,-0.906307787036646));
#2302=DIRECTION('ref_axis',(1.,0.,0.));
#2303=DIRECTION('',(2.40841189012748E-16,-0.906307787036646,-0.422618261740708));
#2304=DIRECTION('center_axis',(-1.,0.,0.));
#2305=DIRECTION('ref_axis',(0.,0.906307787036646,0.422618261740708));
#2306=DIRECTION('',(0.,0.906307787036646,0.422618261740708));
#2307=DIRECTION('',(0.,0.422618261740718,-0.906307787036641));
#2308=DIRECTION('',(0.,0.906307787036646,0.422618261740708));
#2309=DIRECTION('',(0.,0.422618261740718,-0.906307787036641));
#2310=DIRECTION('center_axis',(1.,2.18276245041417E-16,1.01783884656135E-16));
#2311=DIRECTION('ref_axis',(2.40841189012748E-16,-0.906307787036646,-0.422618261740708));
#2312=DIRECTION('',(2.40841189012748E-16,-0.906307787036646,-0.422618261740708));
#2313=DIRECTION('',(0.,0.422618261740718,-0.906307787036641));
#2314=DIRECTION('',(2.40841189012748E-16,-0.906307787036646,-0.422618261740708));
#2315=DIRECTION('',(0.,0.422618261740718,-0.906307787036641));
#2316=DIRECTION('center_axis',(0.,-0.422618261740708,0.906307787036646));
#2317=DIRECTION('ref_axis',(1.,0.,0.));
#2318=DIRECTION('center_axis',(0.,0.422618261740708,-0.906307787036646));
#2319=DIRECTION('ref_axis',(1.,0.,0.));
#2320=DIRECTION('center_axis',(0.,-0.422618261740708,0.906307787036646));
#2321=DIRECTION('ref_axis',(1.,0.,0.));
#2322=DIRECTION('center_axis',(0.,0.422618261740708,-0.906307787036646));
#2323=DIRECTION('ref_axis',(1.,0.,0.));
#2324=DIRECTION('center_axis',(0.,-0.422618261740708,0.906307787036646));
#2325=DIRECTION('ref_axis',(1.,0.,0.));
#2326=DIRECTION('center_axis',(0.,0.422618261740708,-0.906307787036646));
#2327=DIRECTION('ref_axis',(1.,0.,0.));
#2328=DIRECTION('center_axis',(0.,0.422618261740708,-0.906307787036646));
#2329=DIRECTION('ref_axis',(1.,0.,0.));
#2330=DIRECTION('center_axis',(0.,-0.422618261740708,0.906307787036646));
#2331=DIRECTION('ref_axis',(-1.,1.10990693043675E-16,5.17558101501976E-17));
#2332=DIRECTION('',(0.,-0.422618261740706,0.906307787036647));
#2333=DIRECTION('center_axis',(0.,-0.422618261740708,0.906307787036646));
#2334=DIRECTION('ref_axis',(1.,0.,0.));
#2335=DIRECTION('',(0.,0.422618261740706,-0.906307787036647));
#2336=DIRECTION('center_axis',(0.,-0.422618261740708,0.906307787036646));
#2337=DIRECTION('ref_axis',(1.,0.,0.));
#2338=DIRECTION('center_axis',(0.,-0.422618261740708,0.906307787036646));
#2339=DIRECTION('ref_axis',(1.,0.,0.));
#2340=DIRECTION('',(0.,0.422618261740706,-0.906307787036647));
#2341=DIRECTION('center_axis',(0.,-0.422618261740708,0.906307787036646));
#2342=DIRECTION('ref_axis',(1.,0.,0.));
#2343=DIRECTION('',(0.,-0.422618261740706,0.906307787036647));
#2344=DIRECTION('center_axis',(0.,-0.422618261740708,0.906307787036646));
#2345=DIRECTION('ref_axis',(1.,0.,0.));
#2346=DIRECTION('center_axis',(0.,0.906307787036646,0.422618261740708));
#2347=DIRECTION('ref_axis',(-1.,0.,0.));
#2348=DIRECTION('',(0.,0.422618261740708,-0.906307787036646));
#2349=DIRECTION('',(-1.,0.,0.));
#2350=DIRECTION('',(0.,-0.422618261740708,0.906307787036646));
#2351=DIRECTION('',(1.,0.,0.));
#2352=DIRECTION('center_axis',(0.,-0.422618261740708,0.906307787036646));
#2353=DIRECTION('ref_axis',(1.,0.,0.));
#2354=DIRECTION('center_axis',(0.,0.422618261740708,-0.906307787036646));
#2355=DIRECTION('ref_axis',(1.,0.,0.));
#2356=DIRECTION('',(0.,0.422618261740708,-0.906307787036646));
#2357=DIRECTION('center_axis',(0.,0.422618261740708,-0.906307787036646));
#2358=DIRECTION('ref_axis',(1.,0.,0.));
#2359=DIRECTION('center_axis',(0.,-0.422618261740708,0.906307787036646));
#2360=DIRECTION('ref_axis',(1.,0.,0.));
#2361=DIRECTION('center_axis',(0.,0.422618261740708,-0.906307787036646));
#2362=DIRECTION('ref_axis',(1.,0.,0.));
#2363=DIRECTION('',(0.,0.422618261740708,-0.906307787036646));
#2364=DIRECTION('center_axis',(0.,0.422618261740708,-0.906307787036646));
#2365=DIRECTION('ref_axis',(1.,0.,0.));
#2366=DIRECTION('center_axis',(0.,-0.422618261740708,0.906307787036646));
#2367=DIRECTION('ref_axis',(0.707106781186547,-0.640856382055785,-0.298836238730127));
#2368=DIRECTION('center_axis',(0.,0.422618261740708,-0.906307787036646));
#2369=DIRECTION('ref_axis',(0.707106781186547,-0.640856382055785,-0.298836238730127));
#2370=DIRECTION('',(0.,0.422618261740708,-0.906307787036646));
#2371=DIRECTION('center_axis',(0.,-0.422618261740708,0.906307787036646));
#2372=DIRECTION('ref_axis',(0.707106781186547,-0.640856382055785,-0.298836238730127));
#2373=DIRECTION('',(0.,-0.422618261740708,0.906307787036646));
#2374=DIRECTION('center_axis',(0.,-0.906307787036646,-0.422618261740708));
#2375=DIRECTION('ref_axis',(1.,0.,0.));
#2376=DIRECTION('',(0.,-0.422618261740708,0.906307787036646));
#2377=DIRECTION('',(-1.,0.,0.));
#2378=DIRECTION('',(1.,0.,0.));
#2379=DIRECTION('center_axis',(0.,-0.422618261740708,0.906307787036646));
#2380=DIRECTION('ref_axis',(-0.707106781186547,-0.640856382055786,-0.298836238730126));
#2381=DIRECTION('center_axis',(0.,0.422618261740708,-0.906307787036646));
#2382=DIRECTION('ref_axis',(-0.707106781186547,-0.640856382055786,-0.298836238730126));
#2383=DIRECTION('',(0.,0.422618261740708,-0.906307787036646));
#2384=DIRECTION('center_axis',(0.,-0.422618261740708,0.906307787036646));
#2385=DIRECTION('ref_axis',(-0.707106781186547,-0.640856382055786,-0.298836238730126));
#2386=DIRECTION('center_axis',(-1.,0.,0.));
#2387=DIRECTION('ref_axis',(0.,-0.906307787036646,-0.422618261740708));
#2388=DIRECTION('',(0.,-0.422618261740706,0.906307787036647));
#2389=DIRECTION('',(0.,0.906307787036646,0.422618261740708));
#2390=DIRECTION('',(0.,-0.906307787036646,-0.422618261740708));
#2391=DIRECTION('center_axis',(0.,-0.422618261740706,0.906307787036647));
#2392=DIRECTION('ref_axis',(-1.,0.,0.));
#2393=DIRECTION('center_axis',(0.,-0.422618261740708,0.906307787036646));
#2394=DIRECTION('ref_axis',(-1.,0.,0.));
#2395=DIRECTION('center_axis',(0.,0.422618261740708,-0.906307787036646));
#2396=DIRECTION('ref_axis',(-1.,0.,0.));
#2397=DIRECTION('center_axis',(1.,0.,0.));
#2398=DIRECTION('ref_axis',(0.,0.906307787036646,0.422618261740708));
#2399=DIRECTION('',(0.,0.422618261740706,-0.906307787036647));
#2400=DIRECTION('',(0.,0.906307787036646,0.422618261740708));
#2401=DIRECTION('',(0.,-0.906307787036646,-0.422618261740708));
#2402=DIRECTION('center_axis',(0.,0.422618261740706,-0.906307787036647));
#2403=DIRECTION('ref_axis',(1.,0.,0.));
#2404=DIRECTION('center_axis',(0.,0.422618261740708,-0.906307787036646));
#2405=DIRECTION('ref_axis',(1.,0.,0.));
#2406=DIRECTION('center_axis',(0.,-0.422618261740708,0.906307787036646));
#2407=DIRECTION('ref_axis',(1.,0.,0.));
#2408=DIRECTION('center_axis',(0.,-0.422618261740706,0.906307787036647));
#2409=DIRECTION('ref_axis',(1.,0.,0.));
#2410=DIRECTION('center_axis',(0.,-0.422618261740708,0.906307787036646));
#2411=DIRECTION('ref_axis',(1.,0.,0.));
#2412=DIRECTION('center_axis',(0.,0.422618261740708,-0.906307787036646));
#2413=DIRECTION('ref_axis',(1.,0.,0.));
#2414=DIRECTION('',(0.,-0.422618261740706,0.906307787036647));
#2415=DIRECTION('center_axis',(1.,0.,0.));
#2416=DIRECTION('ref_axis',(0.,0.906307787036646,0.422618261740708));
#2417=DIRECTION('',(0.,0.422618261740708,-0.906307787036646));
#2418=DIRECTION('',(0.,0.906307787036646,0.422618261740708));
#2419=DIRECTION('',(0.,-0.906307787036646,-0.422618261740708));
#2420=DIRECTION('center_axis',(0.,-0.422618261740708,0.906307787036646));
#2421=DIRECTION('ref_axis',(0.707106781186547,0.640856382055786,0.298836238730126));
#2422=DIRECTION('center_axis',(0.,0.422618261740708,-0.906307787036646));
#2423=DIRECTION('ref_axis',(0.707106781186547,0.640856382055786,0.298836238730126));
#2424=DIRECTION('center_axis',(0.,-0.422618261740708,0.906307787036646));
#2425=DIRECTION('ref_axis',(0.707106781186547,0.640856382055786,0.298836238730126));
#2426=DIRECTION('center_axis',(0.,-0.422618261740708,0.906307787036646));
#2427=DIRECTION('ref_axis',(-0.707106781186547,0.640856382055786,0.298836238730126));
#2428=DIRECTION('center_axis',(0.,0.422618261740708,-0.906307787036646));
#2429=DIRECTION('ref_axis',(-0.707106781186547,0.640856382055786,0.298836238730126));
#2430=DIRECTION('center_axis',(0.,-0.422618261740708,0.906307787036646));
#2431=DIRECTION('ref_axis',(-0.707106781186547,0.640856382055786,0.298836238730126));
#2432=DIRECTION('',(0.,-0.422618261740708,0.906307787036646));
#2433=DIRECTION('center_axis',(-1.,0.,0.));
#2434=DIRECTION('ref_axis',(0.,-0.906307787036646,-0.422618261740708));
#2435=DIRECTION('',(0.,0.422618261740706,-0.906307787036647));
#2436=DIRECTION('',(0.,-0.906307787036646,-0.422618261740708));
#2437=DIRECTION('',(0.,0.906307787036646,0.422618261740708));
#2438=DIRECTION('center_axis',(0.,0.422618261740706,-0.906307787036647));
#2439=DIRECTION('ref_axis',(-1.,0.,0.));
#2440=DIRECTION('center_axis',(0.,0.422618261740708,-0.906307787036646));
#2441=DIRECTION('ref_axis',(-1.,0.,0.));
#2442=DIRECTION('center_axis',(0.,-0.422618261740708,0.906307787036646));
#2443=DIRECTION('ref_axis',(-1.,0.,0.));
#2444=DIRECTION('center_axis',(0.,-0.422618261740708,0.906307787036646));
#2445=DIRECTION('ref_axis',(1.,0.,0.));
#2446=DIRECTION('center_axis',(0.,0.422618261740708,-0.906307787036646));
#2447=DIRECTION('ref_axis',(1.,0.,0.));
#2448=DIRECTION('center_axis',(0.,0.422618261740707,-0.906307787036646));
#2449=DIRECTION('ref_axis',(1.,0.,0.));
#2450=DIRECTION('',(0.,0.422618261740707,-0.906307787036646));
#2451=DIRECTION('center_axis',(0.,-0.422618261740708,0.906307787036646));
#2452=DIRECTION('ref_axis',(1.,0.,0.));
#2453=DIRECTION('center_axis',(0.,-0.422618261740708,0.906307787036646));
#2454=DIRECTION('ref_axis',(1.,0.,0.));
#2455=DIRECTION('center_axis',(0.,-0.42261826174071,0.906307787036645));
#2456=DIRECTION('ref_axis',(1.,0.,0.));
#2457=DIRECTION('center_axis',(0.,-0.422618261740708,0.906307787036646));
#2458=DIRECTION('ref_axis',(1.,0.,0.));
#2459=DIRECTION('',(0.,-0.42261826174071,0.906307787036645));
#2460=DIRECTION('center_axis',(0.,-0.422618261740708,0.906307787036646));
#2461=DIRECTION('ref_axis',(1.,0.,0.));
#2462=DIRECTION('center_axis',(0.,-0.422618261740708,0.906307787036646));
#2463=DIRECTION('ref_axis',(1.,0.,0.));
#2464=DIRECTION('center_axis',(0.,-0.42261826174071,0.906307787036645));
#2465=DIRECTION('ref_axis',(1.,0.,0.));
#2466=DIRECTION('center_axis',(0.,-0.422618261740708,0.906307787036646));
#2467=DIRECTION('ref_axis',(1.,0.,0.));
#2468=DIRECTION('',(0.,-0.42261826174071,0.906307787036645));
#2469=DIRECTION('center_axis',(0.,-0.422618261740708,0.906307787036646));
#2470=DIRECTION('ref_axis',(1.,0.,0.));
#2471=DIRECTION('center_axis',(0.,-0.422618261740708,0.906307787036646));
#2472=DIRECTION('ref_axis',(1.,0.,0.));
#2473=DIRECTION('center_axis',(0.,0.422618261740707,-0.906307787036646));
#2474=DIRECTION('ref_axis',(1.,0.,0.));
#2475=DIRECTION('',(0.,0.422618261740707,-0.906307787036646));
#2476=DIRECTION('center_axis',(0.,0.422618261740708,-0.906307787036646));
#2477=DIRECTION('ref_axis',(-1.,0.,0.));
#2478=DIRECTION('',(1.,0.,0.));
#2479=DIRECTION('',(0.,0.90630778703665,0.4226182617407));
#2480=DIRECTION('',(-1.,0.,0.));
#2481=DIRECTION('',(0.,-0.90630778703665,-0.4226182617407));
#2482=DIRECTION('center_axis',(0.,-0.422618261740708,0.906307787036646));
#2483=DIRECTION('ref_axis',(1.,0.,0.));
#2484=DIRECTION('center_axis',(0.,-0.0871557427476581,0.996194698091746));
#2485=DIRECTION('ref_axis',(1.,0.,0.));
#2486=DIRECTION('',(-1.,1.37607097433994E-12,1.20390610461818E-13));
#2487=DIRECTION('',(0.,-0.996194698091746,-0.0871557427476581));
#2488=DIRECTION('',(1.,0.,0.));
#2489=DIRECTION('',(0.,0.996194698091746,0.0871557427476581));
#2490=DIRECTION('center_axis',(0.,0.0871557427476581,-0.996194698091746));
#2491=DIRECTION('ref_axis',(0.,0.996194698091745,0.0871557427476581));
#2492=DIRECTION('center_axis',(-1.,0.,0.));
#2493=DIRECTION('ref_axis',(0.,-0.983138270724724,-0.182863721487887));
#2494=DIRECTION('center_axis',(1.,0.,0.));
#2495=DIRECTION('ref_axis',(0.,-0.983138270724724,-0.182863721487887));
#2496=DIRECTION('',(-1.,0.,0.));
#2497=DIRECTION('center_axis',(-1.,0.,0.));
#2498=DIRECTION('ref_axis',(0.,-0.983138270724724,-0.182863721487887));
#2499=DIRECTION('',(1.,0.,0.));
#2500=DIRECTION('center_axis',(1.,0.,0.));
#2501=DIRECTION('ref_axis',(0.,0.999763299026736,-0.0217565144078186));
#2502=DIRECTION('center_axis',(1.,0.,0.));
#2503=DIRECTION('ref_axis',(0.,0.999763299026736,-0.0217565144078186));
#2504=DIRECTION('center_axis',(-1.,0.,0.));
#2505=DIRECTION('ref_axis',(0.,0.999763299026736,-0.0217565144078186));
#2506=DIRECTION('center_axis',(1.,0.,0.));
#2507=DIRECTION('ref_axis',(0.,0.556321791020951,0.830966945693534));
#2508=DIRECTION('center_axis',(-1.,0.,0.));
#2509=DIRECTION('ref_axis',(0.,0.556321791020951,0.830966945693534));
#2510=DIRECTION('',(1.,0.,0.));
#2511=DIRECTION('center_axis',(1.,0.,0.));
#2512=DIRECTION('ref_axis',(0.,0.556321791020951,0.830966945693534));
#2513=DIRECTION('',(-1.,0.,0.));
#2514=DIRECTION('center_axis',(1.,0.,0.));
#2515=DIRECTION('ref_axis',(0.,0.999584962142747,-0.0288080450236202));
#2516=DIRECTION('center_axis',(1.,0.,0.));
#2517=DIRECTION('ref_axis',(0.,0.999584962142747,-0.0288080450236202));
#2518=DIRECTION('',(-1.,0.,0.));
#2519=DIRECTION('center_axis',(-1.,0.,0.));
#2520=DIRECTION('ref_axis',(0.,0.999584962142747,-0.0288080450236202));
#2521=DIRECTION('center_axis',(0.,-0.232260736788383,-0.97265356121618));
#2522=DIRECTION('ref_axis',(-1.,0.,0.));
#2523=DIRECTION('',(0.,-0.97265356121618,0.232260736788383));
#2524=DIRECTION('',(0.,0.97265356121618,-0.232260736788383));
#2525=DIRECTION('center_axis',(0.,0.9709852629608,-0.23913932991657));
#2526=DIRECTION('ref_axis',(0.,0.23913932991657,0.9709852629608));
#2527=DIRECTION('',(0.,0.23913932991657,0.9709852629608));
#2528=DIRECTION('',(0.,-0.23913932991657,-0.9709852629608));
#2529=DIRECTION('center_axis',(0.,0.422618261740707,-0.906307787036646));
#2530=DIRECTION('ref_axis',(1.,0.,0.));
#2531=DIRECTION('',(0.,0.422618261740707,-0.906307787036646));
#2532=DIRECTION('center_axis',(0.,0.422618261740708,-0.906307787036646));
#2533=DIRECTION('ref_axis',(1.,0.,0.));
#2534=DIRECTION('center_axis',(0.,-0.422618261740708,0.906307787036646));
#2535=DIRECTION('ref_axis',(1.,0.,0.));
#2536=DIRECTION('center_axis',(-1.,0.,0.));
#2537=DIRECTION('ref_axis',(0.,0.942820354266569,-0.33330133450177));
#2538=DIRECTION('center_axis',(1.,0.,0.));
#2539=DIRECTION('ref_axis',(0.,0.942820354266569,-0.33330133450177));
#2540=DIRECTION('center_axis',(-1.,0.,0.));
#2541=DIRECTION('ref_axis',(0.,0.942820354266569,-0.33330133450177));
#2542=DIRECTION('',(1.,0.,0.));
#2543=DIRECTION('center_axis',(0.,-0.734064838116037,0.67907938670061));
#2544=DIRECTION('ref_axis',(1.,0.,0.));
#2545=DIRECTION('',(0.,-0.67907938670061,-0.734064838116037));
#2546=DIRECTION('',(0.,0.67907938670061,0.734064838116037));
#2547=DIRECTION('center_axis',(0.,0.,1.));
#2548=DIRECTION('ref_axis',(1.,0.,0.));
#2549=DIRECTION('',(0.,0.,1.));
#2550=DIRECTION('center_axis',(0.,0.,1.));
#2551=DIRECTION('ref_axis',(1.,0.,0.));
#2552=DIRECTION('center_axis',(0.,0.,-1.));
#2553=DIRECTION('ref_axis',(1.,0.,0.));
#2554=DIRECTION('center_axis',(1.,0.,0.));
#2555=DIRECTION('ref_axis',(0.,1.,0.));
#2556=DIRECTION('center_axis',(1.,0.,0.));
#2557=DIRECTION('ref_axis',(0.,1.,0.));
#2558=CARTESIAN_POINT('',(0.,0.,0.));
#2559=CARTESIAN_POINT('Ctrl Pts',(6.66133814775094E-15,1.25490459685552,
10.1790722095851));
#2560=CARTESIAN_POINT('Ctrl Pts',(0.406749501805344,1.63999848700465,10.8734278972469));
#2561=CARTESIAN_POINT('Ctrl Pts',(0.881437171887807,2.10309424805978,11.5128953738022));
#2562=CARTESIAN_POINT('Ctrl Pts',(1.39982483037132,2.62719337077087,12.0848548551437));
#2563=CARTESIAN_POINT('Ctrl Pts',(1.14608659728684,1.10503187330554,9.90883946717003));
#2564=CARTESIAN_POINT('Ctrl Pts',(1.48016710035866,1.46008682979715,10.600168727407));
#2565=CARTESIAN_POINT('Ctrl Pts',(1.87427773337297,1.8991523666557,11.2533514101146));
#2566=CARTESIAN_POINT('Ctrl Pts',(2.30900890858714,2.41116963769658,11.8491039886139));
#2567=CARTESIAN_POINT('Ctrl Pts',(3.43780106821948,0.389271409838908,9.59923987256801));
#2568=CARTESIAN_POINT('Ctrl Pts',(3.62689111016376,0.750251011088641,10.2914568115662));
#2569=CARTESIAN_POINT('Ctrl Pts',(3.85962484700589,1.20462147168842,10.9640072058422));
#2570=CARTESIAN_POINT('Ctrl Pts',(4.12722279195128,1.74893332949586,11.5886029737886));
#2571=CARTESIAN_POINT('Ctrl Pts',(5.37537978225377,-1.04808526255879,9.79902648262194));
#2572=CARTESIAN_POINT('Ctrl Pts',(5.48011635183316,-0.565092011760322,10.5013206512295));
#2573=CARTESIAN_POINT('Ctrl Pts',(5.61065496387915,0.0207697588979371,11.1671109138641));
#2574=CARTESIAN_POINT('Ctrl Pts',(5.75938113527324,0.69395227486012,11.776734706802));
#2575=CARTESIAN_POINT('Ctrl Pts',(6.18095367903427,-1.89179550178435,10.0185846431849));
#2576=CARTESIAN_POINT('Ctrl Pts',(6.27052902608735,-1.32889241748414,10.7284966196056));
#2577=CARTESIAN_POINT('Ctrl Pts',(6.37559929471667,-0.659050314374796,11.3860520573162));
#2578=CARTESIAN_POINT('Ctrl Pts',(6.48726541514277,0.0952226932306438,11.9781491442256));
#2579=CARTESIAN_POINT('',(1.39985772861558,2.62722663189875,12.0848911534747));
#2580=CARTESIAN_POINT('',(6.48729831352766,0.0952858893820726,11.9782181111757));
#2581=CARTESIAN_POINT('Origin',(1.39985772861557,-4.00826939939236,18.1652030220156));
#2582=CARTESIAN_POINT('',(7.18175519054398E-15,1.25490459685552,10.1790722095851));
#2583=CARTESIAN_POINT('Ctrl Pts',(1.39982483037132,2.62719337077087,12.0848548551437));
#2584=CARTESIAN_POINT('Ctrl Pts',(0.881437171887807,2.10309424805978,11.5128953738022));
#2585=CARTESIAN_POINT('Ctrl Pts',(0.406749501805344,1.63999848700465,10.8734278972469));
#2586=CARTESIAN_POINT('Ctrl Pts',(6.66133814775094E-15,1.25490459685552,
10.1790722095851));
#2587=CARTESIAN_POINT('',(6.18095367903427,-1.89179550178435,10.0185846431849));
#2588=CARTESIAN_POINT('Origin',(-5.55111512312578E-15,-6.61568126597452,
14.5441470286254));
#2589=CARTESIAN_POINT('Ctrl Pts',(6.18095367903427,-1.89179550178435,10.0185846431849));
#2590=CARTESIAN_POINT('Ctrl Pts',(6.27052902608735,-1.32889241748414,10.7284966196056));
#2591=CARTESIAN_POINT('Ctrl Pts',(6.37559929471667,-0.659050314374796,11.3860520573162));
#2592=CARTESIAN_POINT('Ctrl Pts',(6.48726541514277,0.0952226932306438,11.9781491442256));
#2593=CARTESIAN_POINT('Origin',(-8.55976555179931E-15,-6.61568126597451,
14.5441470286254));
#2594=CARTESIAN_POINT('',(-6.18095367903427,-1.89179550178434,10.0185846431849));
#2595=CARTESIAN_POINT('Origin',(-8.55976555179931E-15,-6.61568126597451,
14.5441470286254));
#2596=CARTESIAN_POINT('Origin',(-8.55976555179931E-15,-6.61568126597451,
14.5441470286254));
#2597=CARTESIAN_POINT('Ctrl Pts',(6.18095367903428,-1.89179550178437,10.0185846431849));
#2598=CARTESIAN_POINT('Ctrl Pts',(6.53515463252237,-3.16912406792233,9.16904281484514));
#2599=CARTESIAN_POINT('Ctrl Pts',(6.96538685508414,-4.69548045086791,7.84958359535977));
#2600=CARTESIAN_POINT('Ctrl Pts',(7.28785685428679,-5.75898285776083,5.94003269956819));
#2601=CARTESIAN_POINT('Ctrl Pts',(7.35697595117674,-5.94890572097177,5.09603649351355));
#2602=CARTESIAN_POINT('Ctrl Pts',(7.37236839853721,-5.97088841411416,4.6759147965283));
#2603=CARTESIAN_POINT('Ctrl Pts',(5.23763174526376,-1.24819919820585,9.40200850898562));
#2604=CARTESIAN_POINT('Ctrl Pts',(5.57293919802061,-2.38388219505814,8.53416512684858));
#2605=CARTESIAN_POINT('Ctrl Pts',(5.99955110726509,-3.66316233887843,7.2512447225531));
#2606=CARTESIAN_POINT('Ctrl Pts',(6.33846453685834,-4.47039257374851,5.6546672700717));
#2607=CARTESIAN_POINT('Ctrl Pts',(6.41197112868759,-4.60791645585309,4.99818206756908));
#2608=CARTESIAN_POINT('Ctrl Pts',(6.42849322206417,-4.62289496225624,4.67591479612331));
#2609=CARTESIAN_POINT('Ctrl Pts',(2.96006086325624,-0.260695835936517,8.45596360128275));
#2610=CARTESIAN_POINT('Ctrl Pts',(3.17744043402725,-1.16903054527306,7.55026014095702));
#2611=CARTESIAN_POINT('Ctrl Pts',(3.47096569381906,-2.04112624546674,6.30605621129769));
#2612=CARTESIAN_POINT('Ctrl Pts',(3.71729501172417,-2.41154569459577,5.19746179935048));
#2613=CARTESIAN_POINT('Ctrl Pts',(3.77218824250623,-2.45770676092577,4.84130443549008));
#2614=CARTESIAN_POINT('Ctrl Pts',(3.78444436044482,-2.45982971175519,4.67591479547343));
#2615=CARTESIAN_POINT('Ctrl Pts',(-1.00253392928839,0.0504407861013345,
8.1578894598415));
#2616=CARTESIAN_POINT('Ctrl Pts',(-1.0783802247214,-0.784142004130687,7.2382029756826));
#2617=CARTESIAN_POINT('Ctrl Pts',(-1.18239898624158,-1.52164654380638,6.00236314637282));
#2618=CARTESIAN_POINT('Ctrl Pts',(-1.27035623479689,-1.74497536983707,5.04920790192188));
#2619=CARTESIAN_POINT('Ctrl Pts',(-1.29018803101043,-1.7597890237486,4.79042852043956));
#2620=CARTESIAN_POINT('Ctrl Pts',(-1.29457988390049,-1.75740658837735,4.67591479526239));
#2621=CARTESIAN_POINT('Ctrl Pts',(-4.15002748647627,-0.714426135502612,
8.8906448953176));
#2622=CARTESIAN_POINT('Ctrl Pts',(-4.43708341257021,-1.72860271687197,8.00364760816036));
#2623=CARTESIAN_POINT('Ctrl Pts',(-4.81479238944266,-2.79150693167049,6.74405804759949));
#2624=CARTESIAN_POINT('Ctrl Pts',(-5.12487192156202,-3.3686376880536,5.41015597079159));
#2625=CARTESIAN_POINT('Ctrl Pts',(-5.1931051089428,-3.45826886127572,4.91432593292914));
#2626=CARTESIAN_POINT('Ctrl Pts',(-5.20840665091965,-3.46658783248402,4.67591479577589));
#2627=CARTESIAN_POINT('Ctrl Pts',(-5.70929271214901,-1.5699973499951,9.71029657608526));
#2628=CARTESIAN_POINT('Ctrl Pts',(-6.05373074967132,-2.77672293353791,8.85169551854572));
#2629=CARTESIAN_POINT('Ctrl Pts',(-6.48287201385159,-4.17906742020401,7.55066417578842));
#2630=CARTESIAN_POINT('Ctrl Pts',(-6.81288271185848,-5.11488008936814,5.79739798643363));
#2631=CARTESIAN_POINT('Ctrl Pts',(-6.88451703384292,-5.27839343954876,5.0472500051562));
#2632=CARTESIAN_POINT('Ctrl Pts',(-6.90043081030068,-5.29689168818518,4.67591479632579));
#2633=CARTESIAN_POINT('Ctrl Pts',(-6.18095367903427,-1.89179550178436,10.0185846431849));
#2634=CARTESIAN_POINT('Ctrl Pts',(-6.53515463252237,-3.16912406792296,9.16904281484445));
#2635=CARTESIAN_POINT('Ctrl Pts',(-6.96538685508414,-4.69548045086768,7.84958359535988));
#2636=CARTESIAN_POINT('Ctrl Pts',(-7.28785685428678,-5.75898285776092,5.94003269956808));
#2637=CARTESIAN_POINT('Ctrl Pts',(-7.35697595117673,-5.94890572097176,5.0960364935132));
#2638=CARTESIAN_POINT('Ctrl Pts',(-7.3723683985372,-5.97088841411414,4.67591479652829));
#2639=CARTESIAN_POINT('',(-7.37236839850178,-5.97088841406356,4.67591479566667));
#2640=CARTESIAN_POINT('',(7.37236839850179,-5.97088841406357,4.67591479566667));
#2641=CARTESIAN_POINT('Origin',(-3.34681689909035E-16,-11.1330763413646,
4.67591479807923));
#2642=CARTESIAN_POINT('Ctrl Pts',(7.37236839853721,-5.97088841411416,4.6759147965283));
#2643=CARTESIAN_POINT('Ctrl Pts',(7.35697595117674,-5.94890572097177,5.09603649351355));
#2644=CARTESIAN_POINT('Ctrl Pts',(7.28785685428679,-5.75898285776083,5.94003269956819));
#2645=CARTESIAN_POINT('Ctrl Pts',(6.96538685508414,-4.69548045086791,7.84958359535977));
#2646=CARTESIAN_POINT('Ctrl Pts',(6.53515463252237,-3.16912406792233,9.16904281484514));
#2647=CARTESIAN_POINT('Ctrl Pts',(6.18095367903428,-1.89179550178437,10.0185846431849));
#2648=CARTESIAN_POINT('Ctrl Pts',(-6.18095367903427,-1.89179550178436,10.0185846431849));
#2649=CARTESIAN_POINT('Ctrl Pts',(-6.53515463252237,-3.16912406792296,9.16904281484445));
#2650=CARTESIAN_POINT('Ctrl Pts',(-6.96538685508414,-4.69548045086768,7.84958359535988));
#2651=CARTESIAN_POINT('Ctrl Pts',(-7.28785685428678,-5.75898285776092,5.94003269956808));
#2652=CARTESIAN_POINT('Ctrl Pts',(-7.35697595117673,-5.94890572097176,5.0960364935132));
#2653=CARTESIAN_POINT('Ctrl Pts',(-7.3723683985372,-5.97088841411414,4.67591479652829));
#2654=CARTESIAN_POINT('Origin',(0.767507035347561,-5.22300377913801,16.8395530668581));
#2655=CARTESIAN_POINT('',(7.65302534985946,2.33462669110249,14.4220297648845));
#2656=CARTESIAN_POINT('',(5.85494762031622,-1.11944849025493,10.6525681561367));
#2657=CARTESIAN_POINT('',(2.62514078852159,4.98097349045872,14.6535551095863));
#2658=CARTESIAN_POINT('Origin',(-0.829079809435493,-8.2900185721235,13.4924937503678));
#2659=CARTESIAN_POINT('',(0.767507035347571,1.41249225215311,10.7592411983171));
#2660=CARTESIAN_POINT('Origin',(-8.88178419700125E-15,-11.1330763413646,
0.));
#2661=CARTESIAN_POINT('',(-7.37236839860097,-5.97088841420522,0.));
#2662=CARTESIAN_POINT('',(7.37236839860097,-5.97088841420521,0.));
#2663=CARTESIAN_POINT('Origin',(-8.88178419700125E-15,-11.1330763413646,
0.));
#2664=CARTESIAN_POINT('',(7.37236839860097,-5.97088841420521,0.));
#2665=CARTESIAN_POINT('',(-7.37236839860097,-5.97088841420522,0.));
#2666=CARTESIAN_POINT('Origin',(-48.7049973047682,-64.9999999999602,0.));
#2667=CARTESIAN_POINT('',(-44.7956259428977,-59.4168390818901,0.));
#2668=CARTESIAN_POINT('',(-39.3516414078566,-51.6420234194362,0.680208231468513));
#2669=CARTESIAN_POINT('',(-3.19150732116552,-4.36326560102838E-15,0.));
#2670=CARTESIAN_POINT('Origin',(-47.5431618507466,-45.9062590559258,0.680208231468513));
#2671=CARTESIAN_POINT('',(-6.48729831355079,0.0952858894264898,11.9782181112242));
#2672=CARTESIAN_POINT('Ctrl Pts',(-6.48726541512063,0.0952226930811589,
11.9781491441082));
#2673=CARTESIAN_POINT('Ctrl Pts',(-6.3755988693103,-0.659053187868534,11.3860498016337));
#2674=CARTESIAN_POINT('Ctrl Pts',(-6.2705291343063,-1.32889173742233,10.7284974772737));
#2675=CARTESIAN_POINT('Ctrl Pts',(-6.18095367903427,-1.89179550178435,10.0185846431849));
#2676=CARTESIAN_POINT('',(-48.2947714436763,-59.6120837087224,6.75443670413074));
#2677=CARTESIAN_POINT('',(-41.8904500896703,-50.4657649324626,7.55463591004777));
#2678=CARTESIAN_POINT('',(-46.9000823160709,-60.6014807684878,4.30474188777044));
#2679=CARTESIAN_POINT('Origin',(-54.7740895052098,-56.2330939725441,-0.223272753839264));
#2680=CARTESIAN_POINT('',(-46.0103151787615,-61.149600342291,-3.04110903126542E-12));
#2681=CARTESIAN_POINT('Ctrl Pts',(-46.0104853936576,-61.149432371817,-1.44607789512585E-5));
#2682=CARTESIAN_POINT('Ctrl Pts',(-46.021397581327,-61.1564392005968,0.333341707250971));
#2683=CARTESIAN_POINT('Ctrl Pts',(-46.1358685470979,-61.1393029393277,1.92293471983123));
#2684=CARTESIAN_POINT('Ctrl Pts',(-46.529239813814,-60.8837695218663,3.36367861926073));
#2685=CARTESIAN_POINT('Ctrl Pts',(-46.9000823160709,-60.6014807684878,4.30474188777044));
#2686=CARTESIAN_POINT('Origin',(-52.9871463857877,-53.6810747183797,0.));
#2687=CARTESIAN_POINT('Ctrl Pts',(-6.18095367903427,-1.89179550178435,10.0185846431849));
#2688=CARTESIAN_POINT('Ctrl Pts',(-6.2705291343063,-1.32889173742233,10.7284974772737));
#2689=CARTESIAN_POINT('Ctrl Pts',(-6.3755988693103,-0.659053187868534,11.3860498016337));
#2690=CARTESIAN_POINT('Ctrl Pts',(-6.48726541512063,0.0952226930811589,
11.9781491441082));
#2691=CARTESIAN_POINT('Ctrl Pts',(-5.37537978225376,-1.04808526255879,9.79902648262192));
#2692=CARTESIAN_POINT('Ctrl Pts',(-5.48011647836887,-0.565091428240222,
10.5013214996942));
#2693=CARTESIAN_POINT('Ctrl Pts',(-5.61065439728903,0.0207671943297097,
11.1671085914125));
#2694=CARTESIAN_POINT('Ctrl Pts',(-5.75938113524373,0.693952274726684,11.7767347066812));
#2695=CARTESIAN_POINT('Ctrl Pts',(-3.43780106821947,0.389271409838911,9.59923987256798));
#2696=CARTESIAN_POINT('Ctrl Pts',(-3.62689133860967,0.750251447200016,10.2914576478563));
#2697=CARTESIAN_POINT('Ctrl Pts',(-3.85962382755975,1.20461939807049,10.9640048263538));
#2698=CARTESIAN_POINT('Ctrl Pts',(-4.12722279189824,1.74893332938801,11.5886029736647));
#2699=CARTESIAN_POINT('Ctrl Pts',(-1.14608659728682,1.10503187330553,9.90883946717001));
#2700=CARTESIAN_POINT('Ctrl Pts',(-1.48016750397231,1.46008725875074,10.6001695626246));
#2701=CARTESIAN_POINT('Ctrl Pts',(-1.87427607721103,1.89915041606622,11.253349140507));
#2702=CARTESIAN_POINT('Ctrl Pts',(-2.30900890850096,2.41116963759507,11.8491039884959));
#2703=CARTESIAN_POINT('Ctrl Pts',(1.85615411929518E-14,1.25490459685551,
10.1790722095851));
#2704=CARTESIAN_POINT('Ctrl Pts',(-0.406749993212796,1.63999895224926,10.8734287361209));
#2705=CARTESIAN_POINT('Ctrl Pts',(-0.881435197025602,2.10309225144127,11.5128931948363));
#2706=CARTESIAN_POINT('Ctrl Pts',(-1.39982483026856,2.627193370667,12.0848548550303));
#2707=CARTESIAN_POINT('',(-1.39985772861556,2.62722663189876,12.0848911534747));
#2708=CARTESIAN_POINT('Ctrl Pts',(1.85615411929518E-14,1.25490459685551,
10.1790722095851));
#2709=CARTESIAN_POINT('Ctrl Pts',(-0.406749993212796,1.63999895224926,10.8734287361209));
#2710=CARTESIAN_POINT('Ctrl Pts',(-0.881435197025602,2.10309225144127,11.5128931948363));
#2711=CARTESIAN_POINT('Ctrl Pts',(-1.39982483026856,2.627193370667,12.0848548550303));
#2712=CARTESIAN_POINT('Origin',(-1.39985772861557,-4.00826939939236,18.1652030220156));
#2713=CARTESIAN_POINT('Origin',(-2.39363049087412,10.,5.32898907731807));
#2714=CARTESIAN_POINT('',(-2.39363049087413,2.62722663189876,12.0848911534747));
#2715=CARTESIAN_POINT('Origin',(-1.59575366058274,2.49048674522937,11.9356657527171));
#2716=CARTESIAN_POINT('',(-2.62514078852158,4.98097349045873,14.6535551095863));
#2717=CARTESIAN_POINT('',(-1.59575366058274,4.98097349045873,14.6535551095863));
#2718=CARTESIAN_POINT('',(1.55562448961698,-3.050201885907,5.88906514778013));
#2719=CARTESIAN_POINT('Origin',(1.55562448961697,-9.68569791719812,11.9693770163211));
#2720=CARTESIAN_POINT('',(-7.65302534985945,2.33462669110249,14.4220297648845));
#2721=CARTESIAN_POINT('Origin',(0.829079809435478,-8.29001857212351,13.4924937503678));
#2722=CARTESIAN_POINT('',(-3.53181609535169,-5.58214262831504,5.78239210559974));
#2723=CARTESIAN_POINT('Origin',(-32.3350650457532,-37.2681464883313,8.45082417778399));
#2724=CARTESIAN_POINT('',(-49.4605313782094,-57.3726797101453,9.19831732510646));
#2725=CARTESIAN_POINT('',(-34.4880115080956,-35.9897053017352,11.0690851783073));
#2726=CARTESIAN_POINT('',(-48.795966342908,-58.6492972651693,7.80513373469446));
#2727=CARTESIAN_POINT('Origin',(55.8782884294159,-50.7136102664039,5.80018673618488));
#2728=CARTESIAN_POINT('',(54.4884159395473,-60.0190265095015,8.96679198040468));
#2729=CARTESIAN_POINT('',(49.4605313782094,-57.3726797101453,9.19831732510646));
#2730=CARTESIAN_POINT('Origin',(57.9426365375043,-46.7480344469193,10.1278533396231));
#2731=CARTESIAN_POINT('',(48.2947714436763,-59.6120837087224,6.75443670413074));
#2732=CARTESIAN_POINT('',(50.7908478444473,-54.817165555287,11.9871716469062));
#2733=CARTESIAN_POINT('',(53.382212028645,-62.1440244511304,6.64776366195035));
#2734=CARTESIAN_POINT('Origin',(53.382212028645,-55.5085284198393,0.567451793409417));
#2735=CARTESIAN_POINT('',(55.8782884294159,-57.349106297695,11.8804986047258));
#2736=CARTESIAN_POINT('Ctrl Pts',(53.3383035400265,-62.3794385863689,6.39085421489271));
#2737=CARTESIAN_POINT('Ctrl Pts',(53.3315644888033,-62.2924259145358,6.48581188336494));
#2738=CARTESIAN_POINT('Ctrl Pts',(53.346419479076,-62.2127812991311,6.57272872922047));
#2739=CARTESIAN_POINT('Ctrl Pts',(53.382212028645,-62.1440244511304,6.64776366195036));
#2740=CARTESIAN_POINT('Ctrl Pts',(51.9712519286236,-62.427763140562,6.33811721809143));
#2741=CARTESIAN_POINT('Ctrl Pts',(52.0652007576389,-62.2369296338005,6.54543698397857));
#2742=CARTESIAN_POINT('Ctrl Pts',(52.189637604642,-62.0595367548475,6.74026191898275));
#2743=CARTESIAN_POINT('Ctrl Pts',(52.3431448845529,-61.8971438419705,6.91718656947577));
#2744=CARTESIAN_POINT('Ctrl Pts',(49.5806784265399,-62.1017538750321,5.8697281428857));
#2745=CARTESIAN_POINT('Ctrl Pts',(49.8496698987563,-61.7970832559104,6.33533546293933));
#2746=CARTESIAN_POINT('Ctrl Pts',(50.1661642004453,-61.4953672580699,6.76201450168528));
#2747=CARTESIAN_POINT('Ctrl Pts',(50.5253405800473,-61.201173028945,7.1465609507859));
#2748=CARTESIAN_POINT('Ctrl Pts',(47.6154826314882,-61.1184270911951,4.82920716693078));
#2749=CARTESIAN_POINT('Ctrl Pts',(47.9629093648702,-60.8254284742939,5.59907372584205));
#2750=CARTESIAN_POINT('Ctrl Pts',(48.4021901763626,-60.4906236021029,6.30573894676926));
#2751=CARTESIAN_POINT('Ctrl Pts',(48.9186727932471,-60.1252751075747,6.927081665007));
#2752=CARTESIAN_POINT('Ctrl Pts',(46.9000823160707,-60.6014807684879,4.30474188777015));
#2753=CARTESIAN_POINT('Ctrl Pts',(47.2535573281315,-60.3324123097815,5.20173278865672));
#2754=CARTESIAN_POINT('Ctrl Pts',(47.7254044373321,-59.9976824167455,6.03050630860799));
#2755=CARTESIAN_POINT('Ctrl Pts',(48.2947714436763,-59.6120837087224,6.75443670413076));
#2756=CARTESIAN_POINT('',(46.9000823160708,-60.6014807684878,4.30474188777016));
#2757=CARTESIAN_POINT('',(53.3383035400265,-62.3794385863689,6.39085421489271));
#2758=CARTESIAN_POINT('Origin',(53.3383035400265,-55.7439425550778,0.310542346351764));
#2759=CARTESIAN_POINT('Origin',(54.7740895052098,-62.8685900038352,5.8570391147017));
#2760=CARTESIAN_POINT('Origin',(54.7740895052098,-56.2330939725441,-0.223272753839244));
#2761=CARTESIAN_POINT('Ctrl Pts',(46.9000823160708,-60.6014807684879,4.30474188777017));
#2762=CARTESIAN_POINT('Ctrl Pts',(46.6219504393781,-60.8131973335217,3.59894443638789));
#2763=CARTESIAN_POINT('Ctrl Pts',(46.0448323376568,-61.206758987888,1.69116795724306));
#2764=CARTESIAN_POINT('Ctrl Pts',(45.9364427052052,-61.1794230027423,-0.596215196093147));
#2765=CARTESIAN_POINT('Ctrl Pts',(46.0889308929978,-60.9975886752429,-1.89149786273374));
#2766=CARTESIAN_POINT('Ctrl Pts',(47.8539494032941,-61.2907425320975,5.00402892665098));
#2767=CARTESIAN_POINT('Ctrl Pts',(47.5857518962058,-61.6538129844729,4.28470093031544));
#2768=CARTESIAN_POINT('Ctrl Pts',(47.0014114216143,-62.3902341136631,2.30403251655671));
#2769=CARTESIAN_POINT('Ctrl Pts',(46.8567209061511,-62.5590178106612,-0.204920531576643));
#2770=CARTESIAN_POINT('Ctrl Pts',(46.994369795962,-62.4098254052988,-1.62414641462454));
#2771=CARTESIAN_POINT('Ctrl Pts',(49.9202041606978,-62.1956795280555,5.97989095022507));
#2772=CARTESIAN_POINT('Ctrl Pts',(49.7327454894734,-62.7792002892296,5.24743597477058));
#2773=CARTESIAN_POINT('Ctrl Pts',(49.303727406386,-64.0017041455648,3.20625264665654));
#2774=CARTESIAN_POINT('Ctrl Pts',(49.1805766228447,-64.4710830067916,0.51491261182873));
#2775=CARTESIAN_POINT('Ctrl Pts',(49.2803739399427,-64.3971756906312,-1.00680156970537));
#2776=CARTESIAN_POINT('Ctrl Pts',(52.3130148314743,-62.4156820020138,6.35130146729166));
#2777=CARTESIAN_POINT('Ctrl Pts',(52.2605578844467,-63.0888458438031,5.60871957712553));
#2778=CARTESIAN_POINT('Ctrl Pts',(52.137652750068,-64.4389525261193,3.59440373595785));
#2779=CARTESIAN_POINT('Ctrl Pts',(52.1216822813781,-64.9983953407884,1.10765288479489));
#2780=CARTESIAN_POINT('Ctrl Pts',(52.1735516141045,-65.0107742992672,-0.294950858332669));
#2781=CARTESIAN_POINT('Ctrl Pts',(53.3383035400265,-62.379438586369,6.39085421489261));
#2782=CARTESIAN_POINT('Ctrl Pts',(53.3436061636911,-63.0640979508847,5.64367963005998));
#2783=CARTESIAN_POINT('Ctrl Pts',(53.3516785251541,-64.3971549412089,3.65370795958246));
#2784=CARTESIAN_POINT('Ctrl Pts',(53.3816007997447,-64.9519497617388,1.31539496006075));
#2785=CARTESIAN_POINT('Ctrl Pts',(53.4129463091076,-64.9999999999603,-1.11022302462516E-14));
#2786=CARTESIAN_POINT('',(46.0103151787617,-61.1496003422911,-9.27313781318162E-13));
#2787=CARTESIAN_POINT('',(53.4129463091076,-64.9999999999603,-3.50971802399094E-15));
#2788=CARTESIAN_POINT('Ctrl Pts',(46.0103151787617,-61.1496003422911,-2.22655492799198E-15));
#2789=CARTESIAN_POINT('Ctrl Pts',(46.6990134799373,-62.1309031161353,-2.29372792237588E-15));
#2790=CARTESIAN_POINT('Ctrl Pts',(47.5751775369387,-62.9655936548378,3.84622889093578E-12));
#2791=CARTESIAN_POINT('Ctrl Pts',(49.3067905214117,-64.0582864997116,3.84622889093578E-12));
#2792=CARTESIAN_POINT('Ctrl Pts',(50.0848673886093,-64.407913294633,-5.82086762138602E-15));
#2793=CARTESIAN_POINT('Ctrl Pts',(51.7169409013824,-64.8801359015779,-5.76704479855318E-15));
#2794=CARTESIAN_POINT('Ctrl Pts',(52.562781024488,-64.9999999999603,1.36451723294225E-14));
#2795=CARTESIAN_POINT('Ctrl Pts',(53.4129463091076,-64.9999999999603,1.36265398196939E-14));
#2796=CARTESIAN_POINT('Ctrl Pts',(53.4129463091076,-64.9999999999603,-1.11022302462516E-14));
#2797=CARTESIAN_POINT('Ctrl Pts',(53.3816007997447,-64.9519497617388,1.31539496006075));
#2798=CARTESIAN_POINT('Ctrl Pts',(53.3516785251541,-64.3971549412089,3.65370795958246));
#2799=CARTESIAN_POINT('Ctrl Pts',(53.3436061636911,-63.0640979508847,5.64367963005998));
#2800=CARTESIAN_POINT('Ctrl Pts',(53.3383035400265,-62.379438586369,6.39085421489261));
#2801=CARTESIAN_POINT('Ctrl Pts',(46.9000823160708,-60.6014807684879,4.30474188777017));
#2802=CARTESIAN_POINT('Ctrl Pts',(46.6219504393781,-60.8131973335217,3.59894443638789));
#2803=CARTESIAN_POINT('Ctrl Pts',(46.2059818001974,-61.0968642386356,2.22387894541831));
#2804=CARTESIAN_POINT('Ctrl Pts',(46.0335210961551,-61.1618716813492,0.65160495644325));
#2805=CARTESIAN_POINT('Ctrl Pts',(46.0118312697028,-61.148441881653,-5.04543203308505E-5));
#2806=CARTESIAN_POINT('Origin',(13.5824695265207,2.59463599450022,4.9234867192414));
#2807=CARTESIAN_POINT('',(44.7956259428978,-59.4168390818903,0.));
#2808=CARTESIAN_POINT('',(5.39094908363078,-3.14112836901018,4.9234867192414));
#2809=CARTESIAN_POINT('Origin',(52.9871463857877,-53.6810747183799,0.));
#2810=CARTESIAN_POINT('',(7.92975776544446,-1.96486988203654,11.7979143978207));
#2811=CARTESIAN_POINT('Origin',(9.6946034962693,-4.93421645471396,11.2796765029659));
#2812=CARTESIAN_POINT('',(11.8475499586116,-3.65577526811778,13.8979375034892));
#2813=CARTESIAN_POINT('Origin',(-8.88178419700125E-15,-20.3248193529446,
12.439585114253));
#2814=CARTESIAN_POINT('',(63.5289009505585,-60.0190265095016,8.96679198040468));
#2815=CARTESIAN_POINT('',(24.3524986523841,-60.0190265095015,8.96679198040468));
#2816=CARTESIAN_POINT('',(11.9042487340656,13.7086176522273,15.4171250330292));
#2817=CARTESIAN_POINT('',(45.7019653889261,-34.5595240208397,11.1942098271726));
#2818=CARTESIAN_POINT('',(11.0000089555274,16.5764867545534,15.668031067959));
#2819=CARTESIAN_POINT('Origin',(16.0000089555103,16.5764998339828,15.6680322122608));
#2820=CARTESIAN_POINT('',(10.9999999999733,20.0000130794457,15.9675508106697));
#2821=CARTESIAN_POINT('',(11.000061045861,-3.33658906484967,13.9258626778291));
#2822=CARTESIAN_POINT('',(6.,25.,16.4049929839961));
#2823=CARTESIAN_POINT('Origin',(5.99999999999041,20.0000000000163,15.9675496663679));
#2824=CARTESIAN_POINT('',(-6.00001307942243,25.0000000000329,16.4049929839989));
#2825=CARTESIAN_POINT('',(5.49999346032151,25.000000000017,16.4049929839976));
#2826=CARTESIAN_POINT('',(-11.0000130794286,20.0000000000404,15.96754966637));
#2827=CARTESIAN_POINT('Origin',(-6.00001307942931,20.0000000000329,15.9675496663693));
#2828=CARTESIAN_POINT('',(-11.0000130794338,16.5764939443973,15.6680316969889));
#2829=CARTESIAN_POINT('',(-11.0000130794368,14.5419950802332,15.4900361104181));
#2830=CARTESIAN_POINT('',(-11.9042528579898,13.7086117626492,15.4171245177579));
#2831=CARTESIAN_POINT('Origin',(-16.0000130794345,16.5764939444048,15.6680316969895));
#2832=CARTESIAN_POINT('',(-63.5289009505583,-60.0190265095015,8.96679198040468));
#2833=CARTESIAN_POINT('',(-17.8367819433954,5.2360821743892,14.6758742273972));
#2834=CARTESIAN_POINT('',(-54.4884159395473,-60.0190265095015,8.96679198040468));
#2835=CARTESIAN_POINT('',(-33.5083080681004,-60.0190265095015,8.96679198040468));
#2836=CARTESIAN_POINT('Origin',(-57.9426365375044,-46.7480344469193,10.1278533396231));
#2837=CARTESIAN_POINT('',(-1.50000653971122,19.9873409639261,15.9664421442188));
#2838=CARTESIAN_POINT('Origin',(-6.53971121589159E-6,19.9873409639261,15.9664421442188));
#2839=CARTESIAN_POINT('Ctrl Pts',(-46.0889308929978,-60.9975886752429,-1.89149786273369));
#2840=CARTESIAN_POINT('Ctrl Pts',(-45.9745647521534,-61.1339644208674,-0.920035862753243));
#2841=CARTESIAN_POINT('Ctrl Pts',(-45.9835455554824,-61.2382517388433,1.36504338540559));
#2842=CARTESIAN_POINT('Ctrl Pts',(-46.529239813814,-60.8837695218663,3.36367861926073));
#2843=CARTESIAN_POINT('Ctrl Pts',(-46.9000823160709,-60.6014807684878,4.30474188777044));
#2844=CARTESIAN_POINT('Ctrl Pts',(-46.994369795962,-62.4098254052988,-1.62414641462451));
#2845=CARTESIAN_POINT('Ctrl Pts',(-46.8911331286038,-62.5217197093206,-0.55972700233831));
#2846=CARTESIAN_POINT('Ctrl Pts',(-46.9336766465653,-62.4664226895503,1.95190611765377));
#2847=CARTESIAN_POINT('Ctrl Pts',(-47.4963527271765,-61.7748364685979,4.04492493153728));
#2848=CARTESIAN_POINT('Ctrl Pts',(-47.8539494032942,-61.2907425320974,5.00402892665121));
#2849=CARTESIAN_POINT('Ctrl Pts',(-49.2803739399427,-64.3971756906311,-1.00680156970538));
#2850=CARTESIAN_POINT('Ctrl Pts',(-49.205525952119,-64.4526061777514,0.134484066445955));
#2851=CARTESIAN_POINT('Ctrl Pts',(-49.2494064231109,-64.141155549162,2.83251317469863));
#2852=CARTESIAN_POINT('Ctrl Pts',(-49.670259265732,-62.9737072096206,5.00328431628622));
#2853=CARTESIAN_POINT('Ctrl Pts',(-49.9202041606979,-62.1956795280554,5.97989095022523));
#2854=CARTESIAN_POINT('Ctrl Pts',(-52.1735516141045,-65.0107742992672,-0.294950858332716));
#2855=CARTESIAN_POINT('Ctrl Pts',(-52.1346496145594,-65.001490080408,0.757001949014061));
#2856=CARTESIAN_POINT('Ctrl Pts',(-52.1220888478311,-64.5825871366292,3.24302629076071));
#2857=CARTESIAN_POINT('Ctrl Pts',(-52.2430722354375,-63.3132337910657,5.36119228040405));
#2858=CARTESIAN_POINT('Ctrl Pts',(-52.3130148314744,-62.4156820020137,6.35130146729177));
#2859=CARTESIAN_POINT('Ctrl Pts',(-53.4129463091076,-64.9999999999603,-7.2997163869104E-14));
#2860=CARTESIAN_POINT('Ctrl Pts',(-53.3894371770852,-64.9639623212941,0.986546220046716));
#2861=CARTESIAN_POINT('Ctrl Pts',(-53.3527486652958,-64.5314574730707,3.31858869741623));
#2862=CARTESIAN_POINT('Ctrl Pts',(-53.3453737049127,-63.292317739056,5.39462143511637));
#2863=CARTESIAN_POINT('Ctrl Pts',(-53.3383035400265,-62.379438586369,6.39085421489269));
#2864=CARTESIAN_POINT('',(-53.4129463091076,-64.9999999999603,-1.21161249701277E-15));
#2865=CARTESIAN_POINT('Ctrl Pts',(-53.4129463091076,-64.9999999999603,-4.8689818468227E-16));
#2866=CARTESIAN_POINT('Ctrl Pts',(-52.2304840777073,-64.9999999999603,-4.882991557625E-16));
#2867=CARTESIAN_POINT('Ctrl Pts',(-51.0596504695593,-64.7681233887743,-7.0082828429463E-15));
#2868=CARTESIAN_POINT('Ctrl Pts',(-49.1650607611382,-63.9867894476638,-7.0082828429463E-15));
#2869=CARTESIAN_POINT('Ctrl Pts',(-48.4153551103241,-63.5426764029813,-2.53269627492614E-15));
#2870=CARTESIAN_POINT('Ctrl Pts',(-47.0798411603075,-62.4663835271332,-2.53269627492614E-15));
#2871=CARTESIAN_POINT('Ctrl Pts',(-46.4976338676593,-61.8439641592847,-1.03877408098152E-16));
#2872=CARTESIAN_POINT('Ctrl Pts',(-46.0103151787617,-61.1496003422911,-9.87686131498262E-17));
#2873=CARTESIAN_POINT('',(-53.3383035400265,-62.3794385863689,6.39085421489271));
#2874=CARTESIAN_POINT('Origin',(-53.3383035400265,-55.7439425550778,0.310542346351784));
#2875=CARTESIAN_POINT('Ctrl Pts',(-53.3383035400265,-62.379438586369,6.39085421489269));
#2876=CARTESIAN_POINT('Ctrl Pts',(-53.3453737049127,-63.292317739056,5.39462143511637));
#2877=CARTESIAN_POINT('Ctrl Pts',(-53.3527486652958,-64.5314574730707,3.31858869741623));
#2878=CARTESIAN_POINT('Ctrl Pts',(-53.3894371770852,-64.9639623212941,0.986546220046716));
#2879=CARTESIAN_POINT('Ctrl Pts',(-53.4129463091076,-64.9999999999603,-7.2997163869104E-14));
#2880=CARTESIAN_POINT('Ctrl Pts',(-53.382212028645,-62.1440244511304,6.64776366195035));
#2881=CARTESIAN_POINT('Ctrl Pts',(-53.346419479076,-62.2127812991311,6.57272872922047));
#2882=CARTESIAN_POINT('Ctrl Pts',(-53.3315644888034,-62.2924259145358,6.48581188336494));
#2883=CARTESIAN_POINT('Ctrl Pts',(-53.3383035400265,-62.3794385863689,6.3908542148927));
#2884=CARTESIAN_POINT('Ctrl Pts',(-52.343144884553,-61.8971438419705,6.91718656947577));
#2885=CARTESIAN_POINT('Ctrl Pts',(-52.1896376046421,-62.0595367548475,6.74026191898274));
#2886=CARTESIAN_POINT('Ctrl Pts',(-52.065200757639,-62.2369296338005,6.54543698397857));
#2887=CARTESIAN_POINT('Ctrl Pts',(-51.9712519286236,-62.427763140562,6.33811721809143));
#2888=CARTESIAN_POINT('Ctrl Pts',(-50.5253405800473,-61.201173028945,7.1465609507859));
#2889=CARTESIAN_POINT('Ctrl Pts',(-50.1661642004454,-61.4953672580698,6.76201450168529));
#2890=CARTESIAN_POINT('Ctrl Pts',(-49.8496698987564,-61.7970832559104,6.33533546293935));
#2891=CARTESIAN_POINT('Ctrl Pts',(-49.5806784265399,-62.1017538750321,5.86972814288572));
#2892=CARTESIAN_POINT('Ctrl Pts',(-48.9186727932472,-60.1252751075747,6.927081665007));
#2893=CARTESIAN_POINT('Ctrl Pts',(-48.4021901763627,-60.4906236021029,6.30573894676928));
#2894=CARTESIAN_POINT('Ctrl Pts',(-47.9629093648703,-60.8254284742939,5.59907372584208));
#2895=CARTESIAN_POINT('Ctrl Pts',(-47.6154826314883,-61.1184270911951,4.82920716693082));
#2896=CARTESIAN_POINT('Ctrl Pts',(-48.2947714436764,-59.6120837087224,6.75443670413077));
#2897=CARTESIAN_POINT('Ctrl Pts',(-47.7254044373322,-59.9976824167454,6.03050630860801));
#2898=CARTESIAN_POINT('Ctrl Pts',(-47.2535573281316,-60.3324123097815,5.20173278865676));
#2899=CARTESIAN_POINT('Ctrl Pts',(-46.9000823160708,-60.6014807684879,4.3047418877702));
#2900=CARTESIAN_POINT('',(-53.382212028645,-62.1440244511304,6.64776366195035));
#2901=CARTESIAN_POINT('Origin',(-53.382212028645,-55.5085284198393,0.567451793409405));
#2902=CARTESIAN_POINT('Origin',(-54.7740895052098,-62.8685900038352,5.85703911470168));
#2903=CARTESIAN_POINT('Origin',(-53.8834069278766,-54.5457419762862,1.61814882397313));
#2904=CARTESIAN_POINT('',(-53.8834069278766,-61.1812380075774,7.69846069251407));
#2905=CARTESIAN_POINT('Origin',(48.7049973047682,-55.0066652182677,-0.36504786126388));
#2906=CARTESIAN_POINT('',(67.0166161362009,-64.9999999999603,0.));
#2907=CARTESIAN_POINT('',(48.7049973047682,-64.9999999999603,0.));
#2908=CARTESIAN_POINT('',(65.1816792800625,-62.3794385863689,6.39085421489271));
#2909=CARTESIAN_POINT('Origin',(60.0192077902055,-55.0066652182677,-0.36504786126388));
#2910=CARTESIAN_POINT('',(48.7049973047682,-62.3794385863689,6.39085421489271));
#2911=CARTESIAN_POINT('Origin',(-48.7049973047682,-55.0066652182677,-0.365047861263875));
#2912=CARTESIAN_POINT('',(-65.1816792800624,-62.3794385863689,6.39085421489272));
#2913=CARTESIAN_POINT('',(-48.7049973047682,-62.3794385863689,6.39085421489273));
#2914=CARTESIAN_POINT('',(-67.0166161362009,-64.9999999999603,0.));
#2915=CARTESIAN_POINT('Origin',(-60.0192077902051,-55.0066652182677,-0.365047861263875));
#2916=CARTESIAN_POINT('',(-48.7049973047682,-64.9999999999602,0.));
#2917=CARTESIAN_POINT('Origin',(-33.5083080681004,-62.5095132547309,6.24890262353554));
#2918=CARTESIAN_POINT('',(-48.1760502361279,-38.0928833638828,32.8949783908802));
#2919=CARTESIAN_POINT('Origin',(24.3524986523841,-62.5095132547309,6.24890262353553));
#2920=CARTESIAN_POINT('',(62.906523245636,-59.1301790307759,9.93679879009194));
#2921=CARTESIAN_POINT('Origin',(3.19150732116552,-5.16031683948238E-15,
0.));
#2922=CARTESIAN_POINT('',(3.19150732116552,-5.16031683948238E-15,0.));
#2923=CARTESIAN_POINT('Origin',(-8.88178419700125E-15,-19.9999999999603,
0.));
#2924=CARTESIAN_POINT('',(-11.9042528579898,13.7086117626493,0.));
#2925=CARTESIAN_POINT('',(-67.0166161362009,-64.9999999999603,0.));
#2926=CARTESIAN_POINT('',(-11.0000130794345,16.5764939443973,0.));
#2927=CARTESIAN_POINT('Origin',(-16.0000130794345,16.5764939444048,0.));
#2928=CARTESIAN_POINT('',(-11.0000130794293,20.0000000000404,0.));
#2929=CARTESIAN_POINT('',(-11.0000130794368,15.0000000000063,0.));
#2930=CARTESIAN_POINT('',(-6.00001307942243,25.0000000000329,0.));
#2931=CARTESIAN_POINT('Origin',(-6.00001307942931,20.0000000000329,0.));
#2932=CARTESIAN_POINT('',(5.99999999999729,25.0000000000163,0.));
#2933=CARTESIAN_POINT('',(-11.0000130794218,25.0000000000397,0.));
#2934=CARTESIAN_POINT('',(10.9999999999733,20.0000130794457,0.));
#2935=CARTESIAN_POINT('Origin',(5.99999999999041,20.0000000000163,0.));
#2936=CARTESIAN_POINT('',(11.0000089555274,16.5764867545534,0.));
#2937=CARTESIAN_POINT('',(10.9999869205782,25.0000000000095,0.));
#2938=CARTESIAN_POINT('',(11.9042487340656,13.7086176522273,0.));
#2939=CARTESIAN_POINT('Origin',(16.0000089555103,16.5764998339828,0.));
#2940=CARTESIAN_POINT('',(67.0166161362009,-64.9999999999603,0.));
#2941=CARTESIAN_POINT('',(-2.75000653971122,19.9873409639261,0.));
#2942=CARTESIAN_POINT('Origin',(-6.53971121589159E-6,19.9873409639261,0.));
#2943=CARTESIAN_POINT('Origin',(67.0166161362009,-64.9999999999603,0.));
#2944=CARTESIAN_POINT('',(11.9042487340656,13.7086176522273,0.));
#2945=CARTESIAN_POINT('Origin',(-11.0000130794218,25.0000000000397,0.));
#2946=CARTESIAN_POINT('',(-11.0000130794293,20.0000000000404,0.));
#2947=CARTESIAN_POINT('',(-11.0000130794345,16.5764939443973,0.));
#2948=CARTESIAN_POINT('Origin',(-11.0000130794368,15.0000000000063,0.));
#2949=CARTESIAN_POINT('',(-11.9042528579898,13.7086117626492,0.));
#2950=CARTESIAN_POINT('Origin',(-16.0000130794345,16.5764939444048,0.));
#2951=CARTESIAN_POINT('Origin',(-6.00001307942931,20.0000000000329,0.));
#2952=CARTESIAN_POINT('',(-6.00001307942243,25.0000000000329,0.));
#2953=CARTESIAN_POINT('Origin',(10.9999869205782,25.0000000000095,0.));
#2954=CARTESIAN_POINT('',(5.99999999999729,25.0000000000163,0.));
#2955=CARTESIAN_POINT('Origin',(5.99999999999041,20.0000000000163,0.));
#2956=CARTESIAN_POINT('',(10.9999999999733,20.0000130794457,0.));
#2957=CARTESIAN_POINT('Origin',(11.0000130794368,15.0000000000102,0.));
#2958=CARTESIAN_POINT('',(11.0000089555274,16.5764867545534,0.));
#2959=CARTESIAN_POINT('Origin',(16.0000089555103,16.5764998339828,0.));
#2960=CARTESIAN_POINT('Origin',(-6.53971121589159E-6,19.9873409639261,3.2));
#2961=CARTESIAN_POINT('',(-1.50000653971121,22.2922270782493,3.2));
#2962=CARTESIAN_POINT('',(-1.50000653971122,17.6824548496028,3.2));
#2963=CARTESIAN_POINT('',(-1.50000653971122,21.1397840210877,3.2));
#2964=CARTESIAN_POINT('',(-2.75000653971122,19.9873409639261,3.2));
#2965=CARTESIAN_POINT('Origin',(-6.53971121589159E-6,19.9873409639261,3.2));
#2966=CARTESIAN_POINT('Origin',(-6.53971121589159E-6,19.9873409639261,3.2));
#2967=CARTESIAN_POINT('Origin',(-6.53971121589159E-6,19.9873409639261,0.));
#2968=CARTESIAN_POINT('',(-2.75000653971122,19.9873409639261,0.));
#2969=CARTESIAN_POINT('',(-1.50000653971122,17.6824548496028,3.28));
#2970=CARTESIAN_POINT('',(-1.50000653971122,17.6824548496028,3.2));
#2971=CARTESIAN_POINT('',(1.49999346028878,17.6824548496028,3.28));
#2972=CARTESIAN_POINT('Origin',(-6.53971121589159E-6,19.9873409639261,3.28));
#2973=CARTESIAN_POINT('',(1.49999346028878,17.6824548496028,3.2));
#2974=CARTESIAN_POINT('',(1.49999346028878,17.6824548496028,3.2));
#2975=CARTESIAN_POINT('',(1.49999346028878,22.2922270782493,3.2));
#2976=CARTESIAN_POINT('Origin',(-6.53971121589159E-6,19.9873409639261,3.2));
#2977=CARTESIAN_POINT('',(1.49999346028878,22.2922270782493,3.28));
#2978=CARTESIAN_POINT('',(1.49999346028878,22.2922270782493,3.2));
#2979=CARTESIAN_POINT('',(-1.50000653971121,22.2922270782493,3.28));
#2980=CARTESIAN_POINT('Origin',(-6.53971121589159E-6,19.9873409639261,3.28));
#2981=CARTESIAN_POINT('',(-1.50000653971121,22.2922270782493,3.2));
#2982=CARTESIAN_POINT('Origin',(-6.53971121589159E-6,19.9873409639261,3.2));
#2983=CARTESIAN_POINT('',(1.49999346028878,19.9873409639261,3.2));
#2984=CARTESIAN_POINT('Origin',(-6.5397112164467E-6,18.6123409639261,3.28));
#2985=CARTESIAN_POINT('',(-1.50000653971122,18.4873409639255,3.28));
#2986=CARTESIAN_POINT('',(1.49999346028878,18.4873409639255,3.28));
#2987=CARTESIAN_POINT('',(-0.750006539711216,18.4873409639255,3.28));
#2988=CARTESIAN_POINT('',(1.49999346028878,17.6824548496028,3.28));
#2989=CARTESIAN_POINT('',(-1.50000653971121,22.2922270782493,3.28));
#2990=CARTESIAN_POINT('Origin',(1.49999346028878,17.6824548496028,3.2));
#2991=CARTESIAN_POINT('',(1.49999346028878,18.4873409639255,3.36));
#2992=CARTESIAN_POINT('',(1.49999346028878,18.4873409639255,3.2));
#2993=CARTESIAN_POINT('',(1.49999346028878,19.9873409639261,3.36));
#2994=CARTESIAN_POINT('',(1.49999346028878,17.6824548496028,3.36));
#2995=CARTESIAN_POINT('',(1.49999346028878,21.4873409639255,3.36));
#2996=CARTESIAN_POINT('',(1.49999346028878,17.6824548496028,3.36));
#2997=CARTESIAN_POINT('',(1.49999346028878,21.4873409639255,3.28));
#2998=CARTESIAN_POINT('',(1.49999346028878,21.4873409639255,3.2));
#2999=CARTESIAN_POINT('',(1.49999346028878,17.6824548496028,3.28));
#3000=CARTESIAN_POINT('Origin',(-1.50000653971121,22.2922270782493,3.2));
#3001=CARTESIAN_POINT('',(-1.50000653971122,21.4873409639255,3.28));
#3002=CARTESIAN_POINT('',(-1.50000653971121,22.2922270782493,3.28));
#3003=CARTESIAN_POINT('',(-1.50000653971122,21.4873409639255,3.36));
#3004=CARTESIAN_POINT('',(-1.50000653971122,21.4873409639255,3.2));
#3005=CARTESIAN_POINT('',(-1.50000653971122,19.9873409639261,3.36));
#3006=CARTESIAN_POINT('',(-1.50000653971121,22.2922270782493,3.36));
#3007=CARTESIAN_POINT('',(-1.50000653971122,18.4873409639255,3.36));
#3008=CARTESIAN_POINT('',(-1.50000653971121,22.2922270782493,3.36));
#3009=CARTESIAN_POINT('',(-1.50000653971122,18.4873409639255,3.2));
#3010=CARTESIAN_POINT('Origin',(-6.53971121616914E-6,21.3623409639261,3.28));
#3011=CARTESIAN_POINT('',(-6.17467523375548E-6,21.4873409639255,3.28));
#3012=CARTESIAN_POINT('Origin',(0.749993825324766,20.737340963926,3.36));
#3013=CARTESIAN_POINT('',(-5.80963925134181E-6,21.4873409639255,3.36));
#3014=CARTESIAN_POINT('Origin',(-6.53971121589159E-6,19.9873409639261,3.36));
#3015=CARTESIAN_POINT('',(1.49999346028878,21.4873409639255,3.36));
#3016=CARTESIAN_POINT('Origin',(-0.750006174675233,20.7373409639261,3.36));
#3017=CARTESIAN_POINT('',(1.49999346028878,21.4873409639255,3.36));
#3018=CARTESIAN_POINT('Origin',(-6.53971121589159E-6,19.9873409639261,3.36));
#3019=CARTESIAN_POINT('Origin',(0.749993460288784,19.2373409639258,3.36));
#3020=CARTESIAN_POINT('',(-6.53971121589159E-6,18.4873409639255,3.36));
#3021=CARTESIAN_POINT('',(1.49999346028878,18.4873409639255,3.36));
#3022=CARTESIAN_POINT('Origin',(-6.53971121589159E-6,19.9873409639261,3.36));
#3023=CARTESIAN_POINT('Origin',(-0.750006539711216,19.2373409639258,3.36));
#3024=CARTESIAN_POINT('',(1.49999346028878,18.4873409639255,3.36));
#3025=CARTESIAN_POINT('Origin',(-6.53971121589159E-6,19.9873409639261,3.36));
#3026=CARTESIAN_POINT('Origin',(-1.50000653971122,18.4873409639255,3.2));
#3027=CARTESIAN_POINT('Origin',(1.49999346028878,21.4873409639255,3.2));
#3028=CARTESIAN_POINT('Origin',(-6.53971121589159E-6,19.9873409639261,0.));
#3029=CARTESIAN_POINT('',(-1.50000653971122,19.9873409639261,0.));
#3030=CARTESIAN_POINT('Origin',(1.5,-17.1201745516543,120.997426624055));
#3031=CARTESIAN_POINT('',(1.5,-17.0863650907151,120.924922001092));
#3032=CARTESIAN_POINT('',(-1.5,-17.0863650907151,120.924922001092));
#3033=CARTESIAN_POINT('',(0.,-17.0863650907151,120.924922001092));
#3034=CARTESIAN_POINT('',(1.5,-17.0525556297758,120.852417378129));
#3035=CARTESIAN_POINT('',(1.5,-17.1201745516543,120.997426624055));
#3036=CARTESIAN_POINT('',(0.,-17.0525556297758,120.852417378129));
#3037=CARTESIAN_POINT('',(1.5,-17.0525556297758,120.852417378129));
#3038=CARTESIAN_POINT('',(-1.5,-17.0525556297758,120.852417378129));
#3039=CARTESIAN_POINT('',(1.5,-17.0525556297758,120.852417378129));
#3040=CARTESIAN_POINT('',(-1.5,-17.1201745516543,120.997426624055));
#3041=CARTESIAN_POINT('Origin',(0.,-15.6930939492208,121.48634477074));
#3042=CARTESIAN_POINT('',(0.,-14.3336322686659,122.120272163352));
#3043=CARTESIAN_POINT('',(1.5,-14.3336322686659,122.120272163352));
#3044=CARTESIAN_POINT('',(-1.5,-14.3336322686659,122.120272163352));
#3045=CARTESIAN_POINT('',(1.5,-15.693093930718,121.486344779368));
#3046=CARTESIAN_POINT('Origin',(0.,-15.6930939492208,121.48634477074));
#3047=CARTESIAN_POINT('',(1.5,-17.7820301828646,120.512257807595));
#3048=CARTESIAN_POINT('Origin',(-1.5,-14.4012511905444,122.265281409277));
#3049=CARTESIAN_POINT('',(-1.5,-14.3674417296051,122.192776786314));
#3050=CARTESIAN_POINT('',(1.5,-14.3674417296051,122.192776786314));
#3051=CARTESIAN_POINT('',(-0.75,-14.3674417296051,122.192776786314));
#3052=CARTESIAN_POINT('',(-1.5,-14.3336322686659,122.120272163352));
#3053=CARTESIAN_POINT('',(-1.5,-14.4012511905444,122.265281409277));
#3054=CARTESIAN_POINT('',(-1.5,-14.3336322686659,122.120272163352));
#3055=CARTESIAN_POINT('',(1.5,-14.4012511905444,122.265281409277));
#3056=CARTESIAN_POINT('Origin',(-0.75,-15.0133631089433,121.803308467046));
#3057=CARTESIAN_POINT('',(-1.5,-15.6930939492208,121.48634477074));
#3058=CARTESIAN_POINT('',(-1.5,-17.7820301828646,120.512257807595));
#3059=CARTESIAN_POINT('Origin',(0.,-15.6930939492208,121.48634477074));
#3060=CARTESIAN_POINT('Origin',(-0.75,-16.3728247894983,121.169381074435));
#3061=CARTESIAN_POINT('',(-1.5,-17.7820301828646,120.512257807595));
#3062=CARTESIAN_POINT('Origin',(0.,-15.6930939492208,121.48634477074));
#3063=CARTESIAN_POINT('Origin',(0.,-15.6930939492208,121.48634477074));
#3064=CARTESIAN_POINT('',(1.5,-17.7820301828646,120.512257807595));
#3065=CARTESIAN_POINT('Origin',(0.,-15.6930939492208,121.48634477074));
#3066=CARTESIAN_POINT('Origin',(0.,-15.7269034101601,121.558849393703));
#3067=CARTESIAN_POINT('',(-1.5,-17.8158396438039,120.584762430558));
#3068=CARTESIAN_POINT('',(-1.5,-17.8158396438039,120.584762430558));
#3069=CARTESIAN_POINT('',(1.5,-17.8158396438039,120.584762430558));
#3070=CARTESIAN_POINT('Origin',(0.,-15.7269034101601,121.558849393703));
#3071=CARTESIAN_POINT('',(1.5,-17.8158396438039,120.584762430558));
#3072=CARTESIAN_POINT('Origin',(-1.5,-17.8496491047431,120.657267053521));
#3073=CARTESIAN_POINT('',(-1.5,-13.6379671765163,122.532936356849));
#3074=CARTESIAN_POINT('',(-1.5,-17.8158396438039,120.584762430558));
#3075=CARTESIAN_POINT('',(-1.5,-13.6717766374556,122.605440979812));
#3076=CARTESIAN_POINT('',(-1.5,-13.6717766374556,122.605440979812));
#3077=CARTESIAN_POINT('',(-1.5,-17.8496491047431,120.657267053521));
#3078=CARTESIAN_POINT('',(-1.5,-15.7607128710993,121.631354016666));
#3079=CARTESIAN_POINT('',(-1.5,-17.8496491047431,120.657267053521));
#3080=CARTESIAN_POINT('Origin',(1.5,-13.6717766374556,122.605440979812));
#3081=CARTESIAN_POINT('',(1.5,-13.6717766374556,122.605440979812));
#3082=CARTESIAN_POINT('',(1.5,-17.8496491047431,120.657267053521));
#3083=CARTESIAN_POINT('',(1.5,-14.7162447542774,122.118397498239));
#3084=CARTESIAN_POINT('',(1.5,-13.6379671765163,122.532936356849));
#3085=CARTESIAN_POINT('',(1.5,-13.6717766374556,122.605440979812));
#3086=CARTESIAN_POINT('',(1.5,-17.8158396438039,120.584762430558));
#3087=CARTESIAN_POINT('',(1.5,-17.8496491047431,120.657267053521));
#3088=CARTESIAN_POINT('Origin',(0.,-15.7269034101601,121.558849393703));
#3089=CARTESIAN_POINT('Origin',(0.,-15.7269034101601,121.558849393703));
#3090=CARTESIAN_POINT('Origin',(0.,-15.7607128710993,121.631354016666));
#3091=CARTESIAN_POINT('Origin',(0.,-15.7607128710993,121.631354016666));
#3092=CARTESIAN_POINT('Origin',(0.,-15.7607128710993,121.631354016666));
#3093=CARTESIAN_POINT('',(-2.75,-15.7607128710993,121.631354016666));
#3094=CARTESIAN_POINT('Origin',(0.,-15.7607128710993,121.631354016666));
#3095=CARTESIAN_POINT('Origin',(0.,-15.7607128710993,121.631354016666));
#3096=CARTESIAN_POINT('Origin',(-11.,-14.9999999999661,120.));
#3097=CARTESIAN_POINT('',(-11.2435897435897,-10.7007024376643,122.004795377989));
#3098=CARTESIAN_POINT('',(-11.2435897435897,-12.8137937463678,126.536334313172));
#3099=CARTESIAN_POINT('',(-11.2435897435897,-10.7007024376643,122.004795377989));
#3100=CARTESIAN_POINT('',(-11.2435897435897,-19.2992975622678,117.995204622012));
#3101=CARTESIAN_POINT('Origin',(-11.,-14.9999999999661,120.));
#3102=CARTESIAN_POINT('',(-11.2435897435897,-21.4123888709714,122.526743557195));
#3103=CARTESIAN_POINT('',(-11.2435897435897,-19.2992975622678,117.995204622012));
#3104=CARTESIAN_POINT('Origin',(-11.,-17.1130913086696,124.531538935184));
#3105=CARTESIAN_POINT('Origin',(11.,-14.9999999999661,120.));
#3106=CARTESIAN_POINT('',(11.2435897435897,-12.8137937463678,126.536334313172));
#3107=CARTESIAN_POINT('',(11.2435897435897,-10.7007024376643,122.004795377989));
#3108=CARTESIAN_POINT('',(11.2435897435897,-10.7007024376643,122.004795377989));
#3109=CARTESIAN_POINT('',(11.2435897435897,-21.4123888709714,122.526743557195));
#3110=CARTESIAN_POINT('Origin',(11.,-17.1130913086696,124.531538935184));
#3111=CARTESIAN_POINT('',(11.2435897435897,-19.2992975622678,117.995204622012));
#3112=CARTESIAN_POINT('',(11.2435897435897,-19.2992975622678,117.995204622012));
#3113=CARTESIAN_POINT('Origin',(11.,-14.9999999999661,120.));
#3114=CARTESIAN_POINT('Origin',(6.49999999999999,7.65769467595011,130.565456543518));
#3115=CARTESIAN_POINT('',(-1.50000000000001,5.54460336724657,135.096995478701));
#3116=CARTESIAN_POINT('',(-1.50000000000001,7.65769467595011,130.565456543518));
#3117=CARTESIAN_POINT('',(-1.50000000000001,7.65769467595011,130.565456543518));
#3118=CARTESIAN_POINT('',(1.49999999999999,5.54460336724657,135.096995478701));
#3119=CARTESIAN_POINT('',(-6.50000000000001,5.54460336724657,135.096995478701));
#3120=CARTESIAN_POINT('',(1.49999999999999,7.65769467595011,130.565456543518));
#3121=CARTESIAN_POINT('',(1.49999999999999,7.65769467595011,130.565456543518));
#3122=CARTESIAN_POINT('',(-6.50000000000001,7.65769467595011,130.565456543518));
#3123=CARTESIAN_POINT('Origin',(-11.,-14.9999999999661,120.));
#3124=CARTESIAN_POINT('',(-12.5,-17.1130913086696,124.531538935184));
#3125=CARTESIAN_POINT('Origin',(-11.,-17.1130913086696,124.531538935184));
#3126=CARTESIAN_POINT('',(-12.5,-15.8452365234475,121.812615574074));
#3127=CARTESIAN_POINT('',(-12.5,-14.9999999999661,120.));
#3128=CARTESIAN_POINT('Origin',(-11.,-15.8452365234475,121.812615574074));
#3129=CARTESIAN_POINT('Origin',(11.,-14.9999999999661,120.));
#3130=CARTESIAN_POINT('',(9.5,-17.1130913086696,124.531538935184));
#3131=CARTESIAN_POINT('Origin',(11.,-17.1130913086696,124.531538935184));
#3132=CARTESIAN_POINT('',(9.5,-15.8452365234475,121.812615574074));
#3133=CARTESIAN_POINT('',(9.5,-14.9999999999661,120.));
#3134=CARTESIAN_POINT('Origin',(11.,-15.8452365234475,121.812615574074));
#3135=CARTESIAN_POINT('Origin',(1.49999999999999,-33.126155740699,111.547634765186));
#3136=CARTESIAN_POINT('',(6.49999999999999,-35.2392470494025,116.079173700369));
#3137=CARTESIAN_POINT('',(1.49999999999999,-39.7707859845857,113.966082391666));
#3138=CARTESIAN_POINT('Origin',(1.49999999999999,-35.2392470494025,116.079173700369));
#3139=CARTESIAN_POINT('',(1.49999999999999,-37.6576946758822,109.434543456483));
#3140=CARTESIAN_POINT('',(1.49999999999999,-37.6576946758822,109.434543456483));
#3141=CARTESIAN_POINT('',(6.49999999999999,-33.126155740699,111.547634765186));
#3142=CARTESIAN_POINT('Origin',(1.49999999999999,-33.126155740699,111.547634765186));
#3143=CARTESIAN_POINT('',(6.49999999999999,-33.126155740699,111.547634765186));
#3144=CARTESIAN_POINT('Origin',(-6.50000000000001,-37.6576946758822,109.434543456483));
#3145=CARTESIAN_POINT('',(-1.50000000000001,-37.6576946758822,109.434543456483));
#3146=CARTESIAN_POINT('',(-1.50000000000001,-39.7707859845857,113.966082391666));
#3147=CARTESIAN_POINT('',(-1.50000000000001,-37.6576946758822,109.434543456483));
#3148=CARTESIAN_POINT('',(6.49999999999999,-37.6576946758822,109.434543456483));
#3149=CARTESIAN_POINT('',(6.49999999999999,-39.7707859845857,113.966082391666));
#3150=CARTESIAN_POINT('Origin',(-1.50000000000001,-33.126155740699,111.547634765186));
#3151=CARTESIAN_POINT('',(-6.50000000000001,-35.2392470494025,116.079173700369));
#3152=CARTESIAN_POINT('Origin',(-1.50000000000001,-35.2392470494025,116.079173700369));
#3153=CARTESIAN_POINT('',(-6.50000000000001,-33.126155740699,111.547634765186));
#3154=CARTESIAN_POINT('',(-6.50000000000001,-33.126155740699,111.547634765186));
#3155=CARTESIAN_POINT('Origin',(-1.50000000000001,-33.126155740699,111.547634765186));
#3156=CARTESIAN_POINT('Origin',(-6.50000000000001,-19.3049619883901,117.992563256732));
#3157=CARTESIAN_POINT('',(-6.50000000000001,-23.8248739436381,115.884893697813));
#3158=CARTESIAN_POINT('',(-6.50000000000001,-25.9379652523416,120.416432632997));
#3159=CARTESIAN_POINT('',(-6.50000000000001,-23.8248739436381,115.884893697813));
#3160=CARTESIAN_POINT('',(-6.50000000000001,-37.6576946758822,109.434543456483));
#3161=CARTESIAN_POINT('',(-6.50000000000001,-39.7707859845857,113.966082391666));
#3162=CARTESIAN_POINT('Origin',(-11.5,-23.8248739436381,115.884893697813));
#3163=CARTESIAN_POINT('Origin',(-11.5,-25.9379652523416,120.416432632997));
#3164=CARTESIAN_POINT('Origin',(-11.5,-23.8248739436381,115.884893697813));
#3165=CARTESIAN_POINT('Origin',(6.49999999999999,-37.6576946758822,109.434543456483));
#3166=CARTESIAN_POINT('',(6.49999999999999,-25.9379652523416,120.416432632997));
#3167=CARTESIAN_POINT('',(6.49999999999999,-23.8248739436381,115.884893697813));
#3168=CARTESIAN_POINT('',(6.49999999999999,-23.8248739436381,115.884893697813));
#3169=CARTESIAN_POINT('',(6.49999999999999,5.54460336724657,135.096995478701));
#3170=CARTESIAN_POINT('',(6.49999999999999,7.65769467595011,130.565456543518));
#3171=CARTESIAN_POINT('Origin',(11.5,-23.8248739436381,115.884893697813));
#3172=CARTESIAN_POINT('Origin',(11.5,-23.8248739436381,115.884893697813));
#3173=CARTESIAN_POINT('Origin',(11.5,-25.9379652523416,120.416432632997));
#3174=CARTESIAN_POINT('Origin',(11.5,-6.17512605629401,124.115106302187));
#3175=CARTESIAN_POINT('',(6.49999999999999,-8.28821736499753,128.64664523737));
#3176=CARTESIAN_POINT('Origin',(11.5,-8.28821736499753,128.64664523737));
#3177=CARTESIAN_POINT('',(6.49999999999999,-6.175126056294,124.115106302187));
#3178=CARTESIAN_POINT('Origin',(11.5,-6.175126056294,124.115106302187));
#3179=CARTESIAN_POINT('',(6.49999999999999,-6.17512605629401,124.115106302187));
#3180=CARTESIAN_POINT('Origin',(6.49999999999999,-10.695038011542,122.007436743269));
#3181=CARTESIAN_POINT('',(6.49999999999999,1.01306443206334,132.983904169998));
#3182=CARTESIAN_POINT('',(6.49999999999999,3.12615574076688,128.452365234814));
#3183=CARTESIAN_POINT('',(6.49999999999999,3.12615574076688,128.452365234814));
#3184=CARTESIAN_POINT('',(6.49999999999999,5.54460336724657,135.096995478701));
#3185=CARTESIAN_POINT('',(6.49999999999999,7.65769467595011,130.565456543518));
#3186=CARTESIAN_POINT('Origin',(1.49999999999999,3.12615574076688,128.452365234814));
#3187=CARTESIAN_POINT('Origin',(1.49999999999999,1.01306443206334,132.983904169998));
#3188=CARTESIAN_POINT('Origin',(1.49999999999999,3.12615574076688,128.452365234814));
#3189=CARTESIAN_POINT('Origin',(-1.50000000000001,3.12615574076688,128.452365234814));
#3190=CARTESIAN_POINT('',(-6.50000000000001,1.01306443206335,132.983904169998));
#3191=CARTESIAN_POINT('Origin',(-1.50000000000001,1.01306443206334,132.983904169998));
#3192=CARTESIAN_POINT('',(-6.50000000000001,3.12615574076688,128.452365234814));
#3193=CARTESIAN_POINT('Origin',(-1.50000000000001,3.12615574076688,128.452365234814));
#3194=CARTESIAN_POINT('',(-6.50000000000001,3.12615574076688,128.452365234814));
#3195=CARTESIAN_POINT('Origin',(-6.50000000000001,7.65769467595011,130.565456543518));
#3196=CARTESIAN_POINT('',(-6.50000000000001,-8.28821736499752,128.64664523737));
#3197=CARTESIAN_POINT('',(-6.50000000000001,-6.175126056294,124.115106302187));
#3198=CARTESIAN_POINT('',(-6.50000000000001,-6.175126056294,124.115106302187));
#3199=CARTESIAN_POINT('',(-6.50000000000001,-39.7707859845857,113.966082391666));
#3200=CARTESIAN_POINT('',(-6.50000000000001,-37.6576946758822,109.434543456483));
#3201=CARTESIAN_POINT('Origin',(-11.5,-6.175126056294,124.115106302187));
#3202=CARTESIAN_POINT('Origin',(-11.5,-6.17512605629399,124.115106302187));
#3203=CARTESIAN_POINT('Origin',(-11.5,-8.28821736499752,128.64664523737));
#3204=CARTESIAN_POINT('Origin',(0.,-17.1130913086696,124.531538935184));
#3205=CARTESIAN_POINT('',(-2.75,-17.1130913086696,124.531538935184));
#3206=CARTESIAN_POINT('Origin',(0.,-17.1130913086696,124.531538935184));
#3207=CARTESIAN_POINT('Origin',(0.,-17.1130913086696,124.531538935184));
#3208=CARTESIAN_POINT('',(-2.75,-17.1130913086696,124.531538935184));
#3209=CARTESIAN_POINT('Origin',(11.,-15.8452365234475,121.812615574074));
#3210=CARTESIAN_POINT('',(8.25,-15.8452365234475,121.812615574074));
#3211=CARTESIAN_POINT('Origin',(11.,-15.8452365234475,121.812615574074));
#3212=CARTESIAN_POINT('Origin',(11.,-14.9999999999661,120.));
#3213=CARTESIAN_POINT('',(8.25,-14.9999999999661,120.));
#3214=CARTESIAN_POINT('Origin',(11.,-14.9999999999661,120.));
#3215=CARTESIAN_POINT('',(8.25,-14.9999999999661,120.));
#3216=CARTESIAN_POINT('Origin',(-11.,-15.8452365234475,121.812615574074));
#3217=CARTESIAN_POINT('',(-13.75,-15.8452365234475,121.812615574074));
#3218=CARTESIAN_POINT('Origin',(-11.,-15.8452365234475,121.812615574074));
#3219=CARTESIAN_POINT('Origin',(-11.,-14.9999999999661,120.));
#3220=CARTESIAN_POINT('',(-13.75,-14.9999999999661,120.));
#3221=CARTESIAN_POINT('Origin',(-11.,-14.999999999966,120.));
#3222=CARTESIAN_POINT('',(-13.75,-14.9999999999661,120.));
#3223=CARTESIAN_POINT('Origin',(0.,-14.9999999999661,120.));
#3224=CARTESIAN_POINT('',(-1.5,-14.9999999999659,120.));
#3225=CARTESIAN_POINT('Origin',(0.,-14.9999999999659,120.));
#3226=CARTESIAN_POINT('Origin',(0.,-14.9999999999661,120.));
#3227=CARTESIAN_POINT('',(-1.5,-14.9999999999661,120.));
#3228=CARTESIAN_POINT('Origin',(0.,-25.9458207507665,114.89587995911));
#3229=CARTESIAN_POINT('',(-6.,-5.80576144431043,124.287343849407));
#3230=CARTESIAN_POINT('',(6.,-5.80576144431043,124.287343849407));
#3231=CARTESIAN_POINT('',(0.,-5.80576144431043,124.287343849407));
#3232=CARTESIAN_POINT('',(-6.,-24.1942385556217,115.712656150594));
#3233=CARTESIAN_POINT('',(-6.,-10.3373003794935,122.174252540703));
#3234=CARTESIAN_POINT('',(6.,-24.1942385556217,115.712656150594));
#3235=CARTESIAN_POINT('',(0.,-24.1942385556217,115.712656150594));
#3236=CARTESIAN_POINT('',(6.,-10.3373003794935,122.174252540703));
#3237=CARTESIAN_POINT('',(-1.5,-14.9999999999659,120.));
#3238=CARTESIAN_POINT('Origin',(0.,-14.9999999999659,120.));
#3239=CARTESIAN_POINT('Origin',(-8.88178419700125E-15,-15.1982787726145,
12.8880992981375));
#3240=CARTESIAN_POINT('',(6.,25.,16.4049929839961));
#3241=CARTESIAN_POINT('',(-6.,25.,16.4049929839961));
#3242=CARTESIAN_POINT('',(5.49999346032151,25.000000000017,16.4049929839976));
#3243=CARTESIAN_POINT('',(6.,8.99751373926881,15.0049568479527));
#3244=CARTESIAN_POINT('',(6.,-6.45677348754252,13.6528819127332));
#3245=CARTESIAN_POINT('',(-6.,8.99751373926881,15.0049568479527));
#3246=CARTESIAN_POINT('',(0.,8.99751373926881,15.0049568479527));
#3247=CARTESIAN_POINT('',(-6.,-6.45677348754252,13.6528819127332));
#3248=CARTESIAN_POINT('',(-1.50000653971122,19.9873409639261,15.9664421442188));
#3249=CARTESIAN_POINT('Origin',(-6.53971121589159E-6,19.9873409639261,15.9664421442188));
#3250=CARTESIAN_POINT('Origin',(0.,3.50716353212754,120.284292184282));
#3251=CARTESIAN_POINT('',(6.,-6.20268909748047,122.675685483448));
#3252=CARTESIAN_POINT('',(6.,-4.69345992308559,114.561550276262));
#3253=CARTESIAN_POINT('Origin',(6.,3.50716353212754,120.284292184282));
#3254=CARTESIAN_POINT('',(-6.,-4.69345992308559,114.561550276262));
#3255=CARTESIAN_POINT('',(0.,-4.69345992308556,114.561550276262));
#3256=CARTESIAN_POINT('',(-6.,-6.20268909748047,122.675685483448));
#3257=CARTESIAN_POINT('Origin',(-6.,3.50716353212754,120.284292184282));
#3258=CARTESIAN_POINT('',(0.,-6.20268909748048,122.675685483448));
#3259=CARTESIAN_POINT('Origin',(0.,-140.199075870937,20.));
#3260=CARTESIAN_POINT('Origin',(6.,-140.199075870937,20.));
#3261=CARTESIAN_POINT('Origin',(-6.,-140.199075870937,20.));
#3262=CARTESIAN_POINT('Origin',(0.,-22.4410887423426,105.012867158592));
#3263=CARTESIAN_POINT('',(-6.,-20.1184813744588,114.739402770754));
#3264=CARTESIAN_POINT('',(-6.,-14.3331669115524,110.866208391238));
#3265=CARTESIAN_POINT('Origin',(-6.,-22.4410887423426,105.012867158592));
#3266=CARTESIAN_POINT('',(6.,-14.3331669115524,110.866208391238));
#3267=CARTESIAN_POINT('',(0.,-14.3331669115524,110.866208391238));
#3268=CARTESIAN_POINT('',(6.,-20.1184813744588,114.739402770754));
#3269=CARTESIAN_POINT('Origin',(6.,-22.4410887423426,105.012867158592));
#3270=CARTESIAN_POINT('',(0.,-20.1184813744588,114.739402770754));
#3271=CARTESIAN_POINT('Origin',(0.,-140.199075870937,20.));
#3272=CARTESIAN_POINT('',(-6.,14.6918293570356,30.3779739463536));
#3273=CARTESIAN_POINT('Origin',(-6.,-140.199075870937,20.));
#3274=CARTESIAN_POINT('',(6.,14.6918293570356,30.3779739463536));
#3275=CARTESIAN_POINT('',(0.,14.6918293570356,30.3779739463536));
#3276=CARTESIAN_POINT('Origin',(6.,-140.199075870937,20.));
#3277=CARTESIAN_POINT('Origin',(0.,-20.3845205505275,114.802930482482));
#3278=CARTESIAN_POINT('',(6.,-4.28001232583073,110.957321835138));
#3279=CARTESIAN_POINT('',(-6.,-4.28001232583073,110.957321835138));
#3280=CARTESIAN_POINT('Origin',(0.,-6.55557078562988,121.24286839359));
#3281=CARTESIAN_POINT('',(-6.,-12.3739635866391,97.6182573107193));
#3282=CARTESIAN_POINT('',(6.,-12.3739635866391,97.6182573107193));
#3283=CARTESIAN_POINT('Origin',(0.,-14.9999999999661,120.));
#3284=CARTESIAN_POINT('',(-1.5,-9.92858085907757,109.124306555561));
#3285=CARTESIAN_POINT('',(-1.5,-14.9999999999661,120.));
#3286=CARTESIAN_POINT('Origin',(0.,-9.92858085907756,109.124306555561));
#3287=CARTESIAN_POINT('Origin',(0.,-9.92858085907756,109.124306555561));
#3288=CARTESIAN_POINT('Origin',(0.,-5.26342877873143,29.040935153011));
#3289=CARTESIAN_POINT('',(6.,9.41786798358931,15.4593474189988));
#3290=CARTESIAN_POINT('Origin',(6.,-5.26342877873143,29.040935153011));
#3291=CARTESIAN_POINT('',(-6.,9.41786798358931,15.4593474189988));
#3292=CARTESIAN_POINT('Origin',(-6.,-5.26342877873143,29.040935153011));
#3293=CARTESIAN_POINT('',(0.,9.41786798358931,15.4593474189988));
#3294=CARTESIAN_POINT('Origin',(0.,12.01455446542,18.2662891098434));
#3295=CARTESIAN_POINT('',(-6.,22.4720984761129,29.5705865184246));
#3296=CARTESIAN_POINT('',(6.,22.4720984761129,29.5705865184246));
#3297=CARTESIAN_POINT('Origin',(-6.53971121589159E-6,19.9873409639261,0.));
#3298=CARTESIAN_POINT('',(-1.50000653971122,19.9873409639261,36.));
#3299=CARTESIAN_POINT('',(-1.50000653971122,19.9873409639261,0.));
#3300=CARTESIAN_POINT('Origin',(-6.53971121589159E-6,19.9873409639261,36.));
#3301=CARTESIAN_POINT('Origin',(-6.53971121589159E-6,19.9873409639261,36.));
#3302=CARTESIAN_POINT('Origin',(-6.,2.68820620973028,68.8510720423337));
#3303=CARTESIAN_POINT('Origin',(6.,2.68820620973028,68.8510720423337));
#3304=UNCERTAINTY_MEASURE_WITH_UNIT(LENGTH_MEASURE(0.01),#3308,
'DISTANCE_ACCURACY_VALUE',
'Maximum model space distance between geometric entities at asserted c
onnectivities');
#3305=UNCERTAINTY_MEASURE_WITH_UNIT(LENGTH_MEASURE(0.01),#3308,
'DISTANCE_ACCURACY_VALUE',
'Maximum model space distance between geometric entities at asserted c
onnectivities');
#3306=(
GEOMETRIC_REPRESENTATION_CONTEXT(3)
GLOBAL_UNCERTAINTY_ASSIGNED_CONTEXT((#3304))
GLOBAL_UNIT_ASSIGNED_CONTEXT((#3308,#3310,#3311))
REPRESENTATION_CONTEXT('','3D')
);
#3307=(
GEOMETRIC_REPRESENTATION_CONTEXT(3)
GLOBAL_UNCERTAINTY_ASSIGNED_CONTEXT((#3305))
GLOBAL_UNIT_ASSIGNED_CONTEXT((#3308,#3310,#3311))
REPRESENTATION_CONTEXT('','3D')
);
#3308=(
LENGTH_UNIT()
NAMED_UNIT(*)
SI_UNIT(.MILLI.,.METRE.)
);
#3309=(
LENGTH_UNIT()
NAMED_UNIT(*)
SI_UNIT($,.METRE.)
);
#3310=(
NAMED_UNIT(*)
PLANE_ANGLE_UNIT()
SI_UNIT($,.RADIAN.)
);
#3311=(
NAMED_UNIT(*)
SI_UNIT($,.STERADIAN.)
SOLID_ANGLE_UNIT()
);
#3312=SHAPE_DEFINITION_REPRESENTATION(#3313,#3314);
#3313=PRODUCT_DEFINITION_SHAPE('',$,#3316);
#3314=SHAPE_REPRESENTATION('',(#1827),#3306);
#3315=PRODUCT_DEFINITION_CONTEXT('part definition',#3320,'design');
#3316=PRODUCT_DEFINITION('Stand','Stand v4',#3317,#3315);
#3317=PRODUCT_DEFINITION_FORMATION('',$,#3322);
#3318=PRODUCT_RELATED_PRODUCT_CATEGORY('Stand v4','Stand v4',(#3322));
#3319=APPLICATION_PROTOCOL_DEFINITION('international standard',
'automotive_design',2009,#3320);
#3320=APPLICATION_CONTEXT(
'Core Data for Automotive Mechanical Design Process');
#3321=PRODUCT_CONTEXT('part definition',#3320,'mechanical');
#3322=PRODUCT('Stand','Stand v4',$,(#3321));
#3323=PRESENTATION_STYLE_ASSIGNMENT((#3325));
#3324=PRESENTATION_STYLE_ASSIGNMENT((#3326));
#3325=SURFACE_STYLE_USAGE(.BOTH.,#3327);
#3326=SURFACE_STYLE_USAGE(.BOTH.,#3328);
#3327=SURFACE_SIDE_STYLE('',(#3329));
#3328=SURFACE_SIDE_STYLE('',(#3330));
#3329=SURFACE_STYLE_FILL_AREA(#3331);
#3330=SURFACE_STYLE_FILL_AREA(#3332);
#3331=FILL_AREA_STYLE('Steel - Satin',(#3333));
#3332=FILL_AREA_STYLE('Powder Coat - Rough (Grey)',(#3334));
#3333=FILL_AREA_STYLE_COLOUR('Steel - Satin',#3335);
#3334=FILL_AREA_STYLE_COLOUR('Powder Coat - Rough (Grey)',#3336);
#3335=COLOUR_RGB('Steel - Satin',0.627450980392157,0.627450980392157,0.627450980392157);
#3336=COLOUR_RGB('Powder Coat - Rough (Grey)',0.701960784313725,0.701960784313725,
0.701960784313725);
ENDSEC;
END-ISO-10303-21;
